datetime_he,pool_price,demand_mw,demand_24h_avg,gas_price,temperature_c,wind_speed_mps,hdd,spark_spread
2026-05-23 01:00:00,26.66,9256.0,9256.0,2.92,10.8,2.9,7.2,4.76
2026-05-23 02:00:00,24.72,9129.0,9192.5,2.92,9.8,5.0,8.2,2.82
2026-05-23 03:00:00,17.26,9014.0,9133.0,2.92,8.4,7.9,9.6,-4.64
2026-05-23 04:00:00,17.94,8976.0,9093.75,2.92,7.4,7.3,10.6,-3.96
2026-05-23 05:00:00,24.77,8985.0,9072.0,2.92,6.7,7.5,11.3,2.87
2026-05-23 06:00:00,28.55,8971.0,9055.17,2.92,5.8,8.0,12.2,6.65
2026-05-23 07:00:00,22.09,9042.0,9053.29,2.92,6.8,9.3,11.2,0.19
2026-05-23 08:00:00,16.55,9228.0,9075.12,2.92,9.8,8.8,8.2,-5.35
2026-05-23 09:00:00,20.23,9419.0,9113.33,2.92,13.3,4.3,4.7,-1.67
2026-05-23 10:00:00,20.01,9628.0,9164.8,2.92,16.4,3.7,1.6,-1.89
2026-05-23 11:00:00,19.01,9742.0,9217.27,2.92,18.5,6.8,0.0,-2.89
2026-05-23 12:00:00,11.93,9816.0,9267.17,2.92,19.6,8.1,0.0,-9.97
2026-05-23 13:00:00,6.49,9897.0,9315.62,2.92,20.6,7.7,0.0,-15.41
2026-05-23 14:00:00,2.84,9942.0,9360.36,2.92,20.2,11.9,0.0,-19.06
2026-05-23 15:00:00,1.22,9906.0,9396.73,2.92,20.2,6.0,0.0,-20.68
2026-05-23 16:00:00,0.52,9990.0,9433.81,2.92,21.9,9.9,0.0,-21.38
2026-05-23 17:00:00,4.28,10177.0,9477.53,2.92,21.8,14.6,0.0,-17.62
2026-05-23 18:00:00,0.16,10243.0,9520.06,2.92,22.2,11.8,0.0,-21.74
2026-05-23 19:00:00,9.96,10193.0,9555.47,2.92,22.1,12.2,0.0,-11.94
2026-05-23 20:00:00,13.96,10140.0,9584.7,2.92,21.4,10.5,0.0,-7.94
2026-05-23 21:00:00,21.01,10044.0,9606.57,2.92,19.7,15.0,0.0,-0.89
2026-05-23 22:00:00,15.76,10007.0,9624.77,2.92,18.3,9.0,0.0,-6.14
2026-05-23 23:00:00,5.78,9858.0,9634.91,2.92,16.6,5.9,1.4,-16.12
2026-05-24 01:00:00,0.0,9277.0,9620.0,2.92,14.4,4.6,3.6,-21.9
2026-05-24 02:00:00,0.0,9134.0,9614.92,2.92,13.5,7.1,4.5,-21.9
2026-05-24 03:00:00,0.0,9028.0,9610.71,2.92,12.8,9.5,5.2,-21.9
2026-05-24 04:00:00,0.0,8958.0,9608.38,2.92,11.8,11.1,6.2,-21.9
2026-05-24 05:00:00,0.0,8960.0,9607.71,2.92,11.0,15.4,7.0,-21.9
2026-05-24 06:00:00,0.0,8915.0,9604.79,2.92,8.6,11.7,9.4,-21.9
2026-05-24 07:00:00,0.0,8963.0,9604.46,2.92,8.9,9.2,9.1,-21.9
2026-05-24 08:00:00,0.0,9127.0,9608.0,2.92,9.9,7.9,8.1,-21.9
2026-05-24 09:00:00,3.71,9292.0,9610.67,2.92,10.9,4.9,7.1,-18.19
2026-05-24 10:00:00,18.97,9438.0,9611.46,2.92,12.1,3.2,5.9,-2.93
2026-05-24 11:00:00,21.4,9487.0,9605.58,2.92,14.0,3.5,4.0,-0.5
2026-05-24 12:00:00,19.99,9552.0,9597.67,2.92,14.9,6.0,3.1,-1.91
2026-05-24 13:00:00,21.19,9621.0,9589.54,2.92,16.9,8.5,1.1,-0.71
2026-05-24 14:00:00,19.69,9614.0,9577.75,2.92,18.3,10.9,0.0,-2.21
2026-05-24 15:00:00,15.17,9653.0,9565.71,2.92,19.7,9.8,0.0,-6.73
2026-05-24 16:00:00,13.83,9759.0,9559.58,2.92,20.9,7.7,0.0,-8.07
2026-05-24 17:00:00,12.78,9914.0,9556.42,2.92,21.1,7.2,0.0,-9.12
2026-05-24 18:00:00,15.83,10085.0,9552.58,2.92,22.4,10.6,0.0,-6.07
2026-05-24 19:00:00,26.25,10083.0,9545.92,2.92,22.4,16.1,0.0,4.35
2026-05-24 20:00:00,58.73,10040.0,9539.54,2.92,20.9,20.3,0.0,36.83
2026-05-24 21:00:00,44.71,9959.0,9532.0,2.92,19.4,13.8,0.0,22.81
2026-05-24 22:00:00,42.8,9890.0,9525.58,2.92,18.1,10.1,0.0,20.9
2026-05-24 23:00:00,21.45,9761.0,9515.33,2.92,17.1,6.4,0.9,-0.45
2026-05-25 01:00:00,7.13,9196.0,9487.75,2.92,14.1,6.3,3.9,-14.77
2026-05-25 02:00:00,0.0,9013.0,9476.75,2.92,12.4,3.1,5.6,-21.9
2026-05-25 03:00:00,0.0,8944.0,9468.83,2.92,11.5,5.3,6.5,-21.9
2026-05-25 04:00:00,0.0,8926.0,9464.58,2.92,10.8,5.6,7.2,-21.9
2026-05-25 05:00:00,0.01,8940.0,9463.83,2.92,9.8,3.4,8.2,-21.89
2026-05-25 06:00:00,12.65,9026.0,9466.58,2.92,9.0,3.7,9.0,-9.25
2026-05-25 07:00:00,19.2,9324.0,9483.62,2.92,9.5,5.7,8.5,-2.7
2026-05-25 08:00:00,17.97,9701.0,9514.38,2.92,12.0,5.3,6.0,-3.93
2026-05-25 09:00:00,18.67,9921.0,9547.46,2.92,15.4,4.1,2.6,-3.23
2026-05-25 10:00:00,21.46,10031.0,9578.25,2.92,17.9,5.3,0.1,-0.44
2026-05-25 11:00:00,20.37,10161.0,9608.38,2.92,20.7,7.6,0.0,-1.53
2026-05-25 12:00:00,20.1,10260.0,9640.58,2.92,22.7,8.1,0.0,-1.8
2026-05-25 13:00:00,13.13,10398.0,9675.83,2.92,23.8,9.7,0.0,-8.77
2026-05-25 14:00:00,14.61,10488.0,9711.96,2.92,24.8,11.9,0.0,-7.29
2026-05-25 15:00:00,10.1,10568.0,9751.71,2.92,25.5,13.3,0.0,-11.8
2026-05-25 16:00:00,11.16,10593.0,9790.88,2.92,26.0,11.8,0.0,-10.74
2026-05-25 17:00:00,26.24,10645.0,9827.79,2.92,26.3,8.9,0.0,4.34
2026-05-25 18:00:00,71.46,10725.0,9861.58,2.92,26.1,9.3,0.0,49.56
2026-05-25 19:00:00,299.88,10643.0,9884.83,2.92,25.8,8.6,0.0,277.98
2026-05-25 20:00:00,999.58,10473.0,9901.08,2.92,25.3,10.4,0.0,977.68
2026-05-25 21:00:00,999.99,10264.0,9910.42,2.92,23.8,11.2,0.0,978.09
2026-05-25 22:00:00,778.33,10120.0,9917.12,2.92,22.2,10.6,0.0,756.43
2026-05-25 23:00:00,96.58,9962.0,9920.12,2.92,20.8,5.9,0.0,74.68
2026-05-26 01:00:00,20.25,9471.0,9908.04,3.1,17.5,0.9,0.5,-3.0
2026-05-26 02:00:00,23.51,9308.0,9912.71,3.1,16.7,1.5,1.3,0.26
2026-05-26 03:00:00,23.22,9208.0,9920.83,3.1,15.7,8.1,2.3,-0.03
2026-05-26 04:00:00,19.96,9151.0,9929.46,3.1,14.8,8.0,3.2,-3.29
2026-05-26 05:00:00,11.68,9148.0,9938.71,3.1,14.4,11.3,3.6,-11.57
2026-05-26 06:00:00,9.3,9219.0,9950.33,3.1,13.3,10.0,4.7,-13.95
2026-05-26 07:00:00,8.89,9579.0,9973.38,3.1,13.7,8.6,4.3,-14.36
2026-05-26 08:00:00,8.99,9980.0,10000.71,3.1,15.7,7.7,2.3,-14.26
2026-05-26 09:00:00,13.69,10241.0,10023.21,3.1,18.0,8.0,0.0,-9.56
2026-05-26 10:00:00,23.38,10387.0,10042.62,3.1,20.1,9.2,0.0,0.13
2026-05-26 11:00:00,34.33,10518.0,10062.92,3.1,21.7,11.2,0.0,11.08
2026-05-26 12:00:00,59.93,10567.0,10079.83,3.1,23.2,13.5,0.0,36.68
2026-05-26 13:00:00,31.26,10637.0,10095.54,3.1,24.6,13.8,0.0,8.01
2026-05-26 14:00:00,29.09,10665.0,10106.67,3.1,25.1,14.2,0.0,5.84
2026-05-26 15:00:00,53.48,10647.0,10113.29,3.1,25.4,14.6,0.0,30.23
2026-05-26 16:00:00,40.26,10818.0,10123.71,3.1,25.5,15.2,0.0,17.01
2026-05-26 17:00:00,21.28,10974.0,10139.58,3.1,25.8,12.8,0.0,-1.97
2026-05-26 18:00:00,6.38,11117.0,10159.25,3.1,26.1,15.3,0.0,-16.87
2026-05-26 19:00:00,9.46,10991.0,10170.33,3.1,25.0,18.1,0.0,-13.79
2026-05-26 20:00:00,17.16,10934.0,10182.46,3.1,23.6,19.1,0.0,-6.09
2026-05-26 21:00:00,23.58,10769.0,10194.79,3.1,22.2,20.2,0.0,0.33
2026-05-26 22:00:00,19.63,10635.0,10210.25,3.1,20.9,19.3,0.0,-3.62
2026-05-26 23:00:00,9.68,10418.0,10222.67,3.1,18.6,18.3,0.0,-13.57
2026-05-27 01:00:00,4.95,9635.0,10209.04,3.13,16.7,21.1,1.3,-18.525
2026-05-27 02:00:00,0.64,9378.0,10205.17,3.13,16.7,22.6,1.3,-22.835
2026-05-27 03:00:00,2.29,9219.0,10201.46,3.13,16.1,20.5,1.9,-21.185
2026-05-27 04:00:00,0.02,9170.0,10199.88,3.13,15.6,16.7,2.4,-23.455
2026-05-27 05:00:00,8.78,9162.0,10200.33,3.13,15.1,15.5,2.9,-14.695
2026-05-27 06:00:00,14.5,9276.0,10205.67,3.13,14.3,16.9,3.7,-8.975
2026-05-27 07:00:00,24.29,9551.0,10219.5,3.13,15.0,10.1,3.0,0.815
2026-05-27 08:00:00,39.32,9996.0,10236.88,3.13,16.0,13.6,2.0,15.845
2026-05-27 09:00:00,32.04,10257.0,10248.42,3.13,17.8,14.1,0.2,8.565
2026-05-27 10:00:00,36.22,10411.0,10255.5,3.13,19.0,10.4,0.0,12.745
2026-05-27 11:00:00,37.82,10581.0,10263.58,3.13,20.8,11.8,0.0,14.345
2026-05-27 12:00:00,38.62,10767.0,10273.96,3.13,20.9,9.5,0.0,15.145
2026-05-27 13:00:00,46.63,10896.0,10287.67,3.13,22.5,11.6,0.0,23.155
2026-05-27 14:00:00,41.63,10951.0,10300.75,3.13,24.3,8.6,0.0,18.155
2026-05-27 15:00:00,39.42,10976.0,10313.71,3.13,25.0,5.7,0.0,15.945
2026-05-27 16:00:00,40.29,11012.0,10328.92,3.13,25.9,6.2,0.0,16.815
2026-05-27 17:00:00,219.26,11070.0,10339.42,3.13,26.5,4.2,0.0,195.785
2026-05-27 18:00:00,332.86,10992.0,10340.17,3.13,26.5,8.9,0.0,309.385
2026-05-27 19:00:00,960.49,10921.0,10332.0,3.13,25.7,8.3,0.0,937.015
2026-05-27 20:00:00,969.76,10886.0,10327.62,3.13,22.6,6.8,0.0,946.285
2026-05-27 21:00:00,988.86,10737.0,10319.42,3.13,22.1,3.1,0.0,965.385
2026-05-27 22:00:00,984.3,10544.0,10310.04,3.13,21.1,0.3,0.0,960.825
2026-05-27 23:00:00,970.44,10299.0,10296.04,3.13,20.5,1.8,0.0,946.965
2026-05-28 01:00:00,75.08,9604.0,10262.12,3.04,17.9,8.3,0.1,52.28
2026-05-28 02:00:00,61.32,9444.0,10254.17,3.04,17.1,9.0,0.9,38.52
2026-05-28 03:00:00,43.01,9332.0,10252.25,3.04,16.6,8.9,1.4,20.21
2026-05-28 04:00:00,39.22,9348.0,10257.62,3.04,15.9,7.7,2.1,16.42
2026-05-28 05:00:00,39.06,9338.0,10264.62,3.04,15.1,7.7,2.9,16.26
2026-05-28 06:00:00,31.88,9369.0,10273.25,3.04,13.8,9.5,4.2,9.08
2026-05-28 07:00:00,18.34,9709.0,10291.29,3.04,14.9,8.1,3.1,-4.46
2026-05-28 08:00:00,24.12,10180.0,10317.5,3.04,17.3,9.0,0.7,1.32
2026-05-28 09:00:00,33.73,10492.0,10338.17,3.04,19.4,9.9,0.0,10.93
2026-05-28 10:00:00,44.0,10648.0,10354.46,3.04,20.7,10.8,0.0,21.2
2026-05-28 11:00:00,39.46,10791.0,10370.29,3.04,22.2,9.5,0.0,16.66
2026-05-28 12:00:00,81.99,10852.0,10381.58,3.04,24.0,8.2,0.0,59.19
2026-05-28 13:00:00,47.85,10994.0,10391.04,3.04,25.2,6.6,0.0,25.05
2026-05-28 14:00:00,114.7,11047.0,10397.33,3.04,26.1,6.1,0.0,91.9
2026-05-28 15:00:00,232.5,11116.0,10404.21,3.04,27.2,5.8,0.0,209.7
2026-05-28 16:00:00,983.1,11124.0,10410.38,3.04,27.5,6.8,0.0,960.3
2026-05-28 17:00:00,993.26,11239.0,10419.83,3.04,27.4,7.6,0.0,970.46
2026-05-28 18:00:00,987.01,11167.0,10423.88,3.04,27.3,8.3,0.0,964.21
2026-05-28 19:00:00,993.65,10992.0,10423.88,3.04,26.4,8.7,0.0,970.85
2026-05-28 20:00:00,999.48,10987.0,10426.62,3.04,25.9,7.4,0.0,976.68
2026-05-28 21:00:00,999.99,10926.0,10428.29,3.04,25.2,8.0,0.0,977.19
2026-05-28 22:00:00,984.14,10675.0,10425.71,3.04,24.1,8.5,0.0,961.34
2026-05-28 23:00:00,985.7,10398.0,10419.62,3.04,23.2,6.8,0.0,962.9
2026-05-29 01:00:00,36.71,9739.0,10396.29,3.34,21.3,6.2,0.0,11.66
2026-05-29 02:00:00,26.61,9641.0,10397.83,3.34,20.4,3.4,0.0,1.56
2026-05-29 03:00:00,12.8,9547.0,10402.12,3.34,19.9,6.1,0.0,-12.25
2026-05-29 04:00:00,0.44,9458.0,10407.38,3.34,18.5,9.4,0.0,-24.61
2026-05-29 05:00:00,6.86,9388.0,10409.04,3.34,17.9,6.1,0.1,-18.19
2026-05-29 06:00:00,10.99,9393.0,10411.33,3.34,15.7,13.7,2.3,-14.06
2026-05-29 07:00:00,19.61,9691.0,10424.75,3.34,17.2,7.4,0.8,-5.44
2026-05-29 08:00:00,20.11,10146.0,10442.96,3.34,18.9,2.4,0.0,-4.94
2026-05-29 09:00:00,38.31,10449.0,10454.17,3.34,21.0,5.2,0.0,13.26
2026-05-29 10:00:00,109.14,10678.0,10461.92,3.34,22.7,6.7,0.0,84.09
2026-05-29 11:00:00,96.52,10858.0,10470.67,3.34,24.1,10.4,0.0,71.47
2026-05-29 12:00:00,87.96,11142.0,10485.29,3.34,24.7,9.2,0.0,62.91
2026-05-29 13:00:00,34.12,11364.0,10506.62,3.34,27.0,13.6,0.0,9.07
2026-05-29 14:00:00,12.57,11491.0,10527.33,3.34,28.1,16.7,0.0,-12.48
2026-05-29 15:00:00,15.28,11423.0,10543.0,3.34,28.1,21.1,0.0,-9.77
2026-05-29 16:00:00,10.18,11304.0,10550.83,3.34,27.7,21.1,0.0,-14.87
2026-05-29 17:00:00,14.15,11238.0,10555.58,3.34,27.2,20.8,0.0,-10.9
2026-05-29 18:00:00,14.78,11237.0,10555.5,3.34,27.2,17.2,0.0,-10.27
2026-05-29 19:00:00,20.97,11194.0,10556.62,3.34,26.5,15.6,0.0,-4.08
2026-05-29 20:00:00,24.14,10908.0,10553.12,3.34,25.6,15.7,0.0,-0.91
2026-05-29 21:00:00,1.72,10629.0,10538.21,3.34,24.3,14.8,0.0,-23.33
2026-05-29 22:00:00,0.0,10385.0,10515.67,3.34,22.4,14.7,0.0,-25.05
2026-05-29 23:00:00,3.69,10143.0,10493.5,3.34,21.4,13.7,0.0,-21.36
2026-05-30 01:00:00,19.53,9435.0,10453.38,3.34,18.5,16.5,0.0,-5.52
2026-05-30 02:00:00,13.28,9247.0,10432.88,3.34,16.7,16.0,1.3,-11.77
2026-05-30 03:00:00,13.66,9074.0,10409.25,3.34,15.5,15.8,2.5,-11.39
2026-05-30 04:00:00,16.07,9017.0,10387.17,3.34,14.4,16.1,3.6,-8.98
2026-05-30 05:00:00,15.53,9030.0,10369.33,3.34,13.4,13.9,4.6,-9.52
2026-05-30 06:00:00,11.39,8931.0,10350.29,3.34,11.8,16.8,6.2,-13.66
2026-05-30 07:00:00,1.05,8972.0,10332.75,3.34,11.9,14.1,6.1,-24.0
2026-05-30 08:00:00,0.0,9236.0,10313.79,3.34,12.2,16.5,5.8,-25.05
2026-05-30 09:00:00,0.0,9499.0,10286.83,3.34,12.9,17.1,5.1,-25.05
2026-05-30 10:00:00,0.0,9732.0,10256.96,3.34,13.4,17.2,4.6,-25.05
2026-05-30 11:00:00,0.0,9873.0,10223.42,3.34,13.1,15.7,4.9,-25.05
2026-05-30 12:00:00,0.0,9992.0,10187.33,3.34,14.2,18.8,3.8,-25.05
2026-05-30 13:00:00,0.0,10071.0,10142.71,3.34,14.7,18.2,3.3,-25.05
2026-05-30 14:00:00,0.0,10066.0,10088.62,3.34,14.3,18.0,3.7,-25.05
2026-05-30 15:00:00,0.0,10012.0,10027.0,3.34,14.7,16.6,3.3,-25.05
2026-05-30 16:00:00,11.76,9967.0,9966.33,3.34,14.8,16.5,3.2,-13.29
2026-05-30 17:00:00,18.6,9987.0,9911.46,3.34,14.9,15.8,3.1,-6.45
2026-05-30 18:00:00,18.54,10036.0,9861.38,3.34,16.0,13.4,2.0,-6.51
2026-05-30 19:00:00,0.17,10039.0,9811.46,3.34,15.1,15.1,2.9,-24.88
2026-05-30 20:00:00,0.01,9960.0,9760.04,3.34,13.4,15.9,4.6,-25.04
2026-05-30 21:00:00,0.01,9866.0,9716.62,3.34,12.2,16.1,5.8,-25.04
2026-05-30 22:00:00,18.49,9851.0,9684.21,3.34,11.1,17.7,6.9,-6.56
2026-05-30 23:00:00,17.56,9846.0,9661.75,3.34,10.6,18.8,7.4,-7.49
2026-05-31 01:00:00,0.0,9390.0,9630.38,3.34,9.2,18.9,8.8,-25.05
2026-05-31 02:00:00,0.0,9224.0,9621.58,3.34,9.1,19.8,8.9,-25.05
2026-05-31 03:00:00,0.0,9096.0,9615.29,3.34,8.6,20.6,9.4,-25.05
2026-05-31 04:00:00,0.0,9044.0,9614.04,3.34,8.1,24.5,9.9,-25.05
2026-05-31 05:00:00,0.0,9012.0,9613.83,3.34,7.9,26.2,10.1,-25.05
2026-05-31 06:00:00,0.0,9032.0,9613.92,3.34,7.8,27.9,10.2,-25.05
2026-05-31 07:00:00,0.0,9064.0,9619.46,3.34,7.2,29.6,10.8,-25.05
2026-05-31 08:00:00,0.0,9251.0,9631.08,3.34,6.9,30.2,11.1,-25.05
2026-05-31 09:00:00,0.0,9566.0,9644.83,3.34,6.4,33.9,11.6,-25.05
2026-05-31 10:00:00,0.0,9788.0,9656.88,3.34,5.9,33.7,12.1,-25.05
2026-05-31 11:00:00,0.0,10003.0,9668.17,3.34,5.2,34.6,12.8,-25.05
2026-05-31 12:00:00,0.0,10058.0,9675.88,3.34,4.2,30.3,13.8,-25.05
2026-05-31 13:00:00,0.0,10037.0,9677.75,3.34,3.8,30.3,14.2,-25.05
2026-05-31 14:00:00,0.0,10062.0,9677.38,3.34,4.1,28.4,13.9,-25.05
2026-05-31 15:00:00,0.0,10120.0,9679.62,3.34,4.2,28.3,13.8,-25.05
2026-05-31 16:00:00,0.0,10118.0,9684.04,3.34,4.1,29.3,13.9,-25.05
2026-05-31 17:00:00,0.0,10199.0,9693.71,3.34,4.1,27.6,13.9,-25.05
2026-05-31 18:00:00,0.0,10264.0,9705.25,3.34,3.8,29.8,14.2,-25.05
2026-05-31 19:00:00,0.0,10078.0,9707.0,3.34,3.5,29.4,14.5,-25.05
2026-05-31 20:00:00,0.0,10029.0,9706.58,3.34,3.7,29.5,14.3,-25.05
2026-05-31 21:00:00,0.0,9950.0,9706.17,3.34,3.8,32.1,14.2,-25.05
2026-05-31 22:00:00,0.0,9843.0,9705.21,3.34,3.7,33.2,14.3,-25.05
2026-05-31 23:00:00,0.0,9669.0,9697.62,3.34,3.8,31.0,14.2,-25.05
2026-06-01 01:00:00,0.0,9115.0,9667.17,3.07,4.5,31.3,13.5,-23.025
2026-06-01 02:00:00,0.0,8970.0,9649.67,3.07,4.6,31.6,13.4,-23.025
2026-06-01 03:00:00,0.0,8881.0,9635.38,3.07,4.6,33.2,13.4,-23.025
2026-06-01 04:00:00,0.0,8774.0,9621.96,3.07,4.6,32.4,13.4,-23.025
2026-06-01 05:00:00,0.0,8837.0,9613.33,3.07,4.7,31.7,13.3,-23.025
2026-06-01 06:00:00,0.0,9029.0,9614.04,3.07,5.3,32.7,12.7,-23.025
2026-06-01 07:00:00,0.0,9351.0,9627.33,3.07,5.5,32.2,12.5,-23.025
2026-06-01 08:00:00,0.0,9752.0,9656.0,3.07,5.8,28.4,12.2,-23.025
2026-06-01 09:00:00,0.0,10096.0,9691.21,3.07,6.3,31.4,11.7,-23.025
2026-06-01 10:00:00,0.0,10314.0,9722.38,3.07,6.5,33.2,11.5,-23.025
2026-06-01 11:00:00,5.23,10378.0,9746.96,3.07,6.7,32.2,11.3,-17.795
2026-06-01 12:00:00,7.92,10453.0,9765.71,3.07,7.0,32.6,11.0,-15.105
2026-06-01 13:00:00,0.0,10491.0,9783.75,3.07,6.5,30.2,11.5,-23.025
2026-06-01 14:00:00,0.0,10514.0,9803.62,3.07,6.7,32.1,11.3,-23.025
2026-06-01 15:00:00,7.29,10477.0,9820.92,3.07,6.6,30.8,11.4,-15.735
2026-06-01 16:00:00,9.44,10493.0,9836.46,3.07,6.9,30.0,11.1,-13.585
2026-06-01 17:00:00,8.87,10544.0,9854.21,3.07,7.1,27.7,10.9,-14.155
2026-06-01 18:00:00,11.47,10522.0,9867.67,3.07,6.9,31.8,11.1,-11.555
2026-06-01 19:00:00,10.6,10388.0,9872.83,3.07,6.9,30.1,11.1,-12.425
2026-06-01 20:00:00,2.86,10327.0,9883.21,3.07,6.9,29.0,11.1,-20.165
2026-06-01 21:00:00,0.0,10277.0,9893.54,3.07,6.9,29.1,11.1,-23.025
2026-06-01 22:00:00,0.0,10110.0,9900.21,3.07,6.7,28.0,11.3,-23.025
2026-06-01 23:00:00,0.0,9889.0,9902.12,3.07,6.6,28.5,11.4,-23.025
2026-06-02 01:00:00,0.0,9389.0,9890.46,2.97,6.5,27.8,11.5,-22.275
2026-06-02 02:00:00,0.0,9250.0,9896.08,2.97,6.3,28.0,11.7,-22.275
2026-06-02 03:00:00,0.0,9133.0,9902.88,2.97,6.3,28.1,11.7,-22.275
2026-06-02 04:00:00,0.0,9141.0,9913.71,2.97,6.3,26.2,11.7,-22.275
2026-06-02 05:00:00,0.0,9165.0,9930.0,2.97,6.3,26.5,11.7,-22.275
2026-06-02 06:00:00,1.82,9264.0,9947.79,2.97,6.5,24.7,11.5,-20.455
2026-06-02 07:00:00,16.95,9614.0,9972.17,2.97,6.7,24.6,11.3,-5.325
2026-06-02 08:00:00,21.0,9939.0,9996.67,2.97,6.9,24.8,11.1,-1.275
2026-06-02 09:00:00,14.44,10147.0,10013.12,2.97,7.2,23.9,10.8,-7.835
2026-06-02 10:00:00,17.05,10267.0,10020.25,2.97,8.0,24.4,10.0,-5.225
2026-06-02 11:00:00,19.61,10350.0,10021.75,2.97,8.6,24.8,9.4,-2.665
2026-06-02 12:00:00,19.93,10318.0,10019.25,2.97,8.7,25.1,9.3,-2.345
2026-06-02 13:00:00,26.73,10358.0,10015.29,2.97,8.4,20.4,9.6,4.455
2026-06-02 14:00:00,22.13,10404.0,10011.67,2.97,8.8,22.6,9.2,-0.145
2026-06-02 15:00:00,18.67,10397.0,10006.79,2.97,9.1,23.2,8.9,-3.605
2026-06-02 16:00:00,13.2,10363.0,10002.04,2.97,9.1,21.6,8.9,-9.075
2026-06-02 17:00:00,11.44,10397.0,9998.04,2.97,8.7,17.0,9.3,-10.835
2026-06-02 18:00:00,9.94,10434.0,9993.46,2.97,8.7,17.3,9.3,-12.335
2026-06-02 19:00:00,7.74,10231.0,9981.33,2.97,8.5,13.8,9.5,-14.535
2026-06-02 20:00:00,7.41,10219.0,9974.29,2.97,8.1,12.8,9.9,-14.865
2026-06-02 21:00:00,3.35,10173.0,9967.88,2.97,7.7,11.4,10.3,-18.925
2026-06-02 22:00:00,8.28,10015.0,9956.96,2.97,7.4,10.9,10.6,-13.995
2026-06-02 23:00:00,9.55,9772.0,9942.88,2.97,7.1,9.3,10.9,-12.725
2026-06-03 01:00:00,11.08,9231.0,9915.46,2.97,6.4,7.9,11.6,-11.195
2026-06-03 02:00:00,10.98,9150.0,9905.5,2.97,5.9,7.7,12.1,-11.295
2026-06-03 03:00:00,10.98,9058.0,9897.5,2.97,6.0,7.9,12.0,-11.295
2026-06-03 04:00:00,10.83,9012.0,9892.46,2.97,6.1,6.9,11.9,-11.445
2026-06-03 05:00:00,8.13,9064.0,9889.25,2.97,6.1,5.6,11.9,-14.145
2026-06-03 06:00:00,7.75,9160.0,9889.04,2.97,5.2,7.3,12.8,-14.525
2026-06-03 07:00:00,10.01,9406.0,9894.96,2.97,6.5,6.5,11.5,-12.265
2026-06-03 08:00:00,17.1,9684.0,9897.88,2.97,8.0,2.2,10.0,-5.175
2026-06-03 09:00:00,17.4,9760.0,9890.42,2.97,9.7,2.2,8.3,-4.875
2026-06-03 10:00:00,23.04,9868.0,9878.79,2.97,11.7,2.7,6.3,0.765
2026-06-03 11:00:00,23.36,10002.0,9867.75,2.97,12.9,5.8,5.1,1.085
2026-06-03 12:00:00,23.48,10035.0,9854.62,2.97,13.1,6.6,4.9,1.205
2026-06-03 13:00:00,21.15,10023.0,9842.33,2.97,14.3,7.6,3.7,-1.125
2026-06-03 14:00:00,22.11,10082.0,9830.83,2.97,15.2,8.5,2.8,-0.165
2026-06-03 15:00:00,23.01,10034.0,9815.42,2.97,15.9,8.9,2.1,0.735
2026-06-03 16:00:00,28.55,10075.0,9802.0,2.97,16.6,9.1,1.4,6.275
2026-06-03 17:00:00,28.57,10129.0,9792.25,2.97,16.8,9.8,1.2,6.295
2026-06-03 18:00:00,29.28,10189.0,9783.58,2.97,16.8,12.0,1.2,7.005
2026-06-03 19:00:00,25.29,10112.0,9770.17,2.97,16.7,11.5,1.3,3.015
2026-06-03 20:00:00,39.42,10115.0,9765.33,2.97,15.8,11.9,2.2,17.145
2026-06-03 21:00:00,79.6,10097.0,9760.25,2.97,13.7,12.0,4.3,57.325
2026-06-03 22:00:00,45.58,10042.0,9754.79,2.97,12.2,12.3,5.8,23.305
2026-06-03 23:00:00,34.58,9938.0,9751.58,2.97,11.1,12.7,6.9,12.305
2026-06-04 01:00:00,29.51,9308.0,9732.25,3.08,10.3,11.3,7.7,6.41
2026-06-04 02:00:00,27.6,9170.0,9729.71,3.08,9.9,11.5,8.1,4.5
2026-06-04 03:00:00,16.93,9101.0,9727.67,3.08,9.6,10.4,8.4,-6.17
2026-06-04 04:00:00,15.0,9056.0,9727.58,3.08,9.3,9.2,8.7,-8.1
2026-06-04 05:00:00,15.0,9110.0,9731.67,3.08,8.9,8.7,9.1,-8.1
2026-06-04 06:00:00,14.59,9224.0,9738.33,3.08,8.3,7.4,9.7,-8.51
2026-06-04 07:00:00,16.12,9555.0,9754.79,3.08,8.9,7.0,9.1,-6.98
2026-06-04 08:00:00,21.29,9914.0,9775.96,3.08,9.6,5.7,8.4,-1.81
2026-06-04 09:00:00,19.22,10089.0,9792.83,3.08,10.5,4.1,7.5,-3.88
2026-06-04 10:00:00,17.5,10188.0,9810.67,3.08,12.7,1.5,5.3,-5.6
2026-06-04 11:00:00,13.69,10272.0,9827.5,3.08,14.6,1.1,3.4,-9.41
2026-06-04 12:00:00,12.49,10357.0,9842.29,3.08,16.4,5.5,1.6,-10.61
2026-06-04 13:00:00,12.35,10393.0,9857.21,3.08,17.5,7.5,0.5,-10.75
2026-06-04 14:00:00,10.8,10454.0,9875.17,3.08,14.6,16.5,3.4,-12.3
2026-06-04 15:00:00,10.84,10482.0,9891.83,3.08,15.3,3.6,2.7,-12.26
2026-06-04 16:00:00,15.91,10509.0,9911.62,3.08,16.2,6.5,1.8,-7.19
2026-06-04 17:00:00,14.64,10488.0,9928.83,3.08,16.0,5.8,2.0,-8.46
2026-06-04 18:00:00,15.98,10532.0,9945.62,3.08,16.1,8.9,1.9,-7.12
2026-06-04 19:00:00,16.67,10363.0,9952.88,3.08,16.4,3.5,1.6,-6.43
2026-06-04 20:00:00,21.75,10318.0,9961.46,3.08,16.1,4.0,1.9,-1.35
2026-06-04 21:00:00,26.74,10165.0,9963.54,3.08,14.8,4.0,3.2,3.64
2026-06-04 22:00:00,36.32,10061.0,9962.04,3.08,13.3,1.9,4.7,13.22
2026-06-04 23:00:00,35.74,9994.0,9960.04,3.08,12.4,2.1,5.6,12.64
2026-06-05 01:00:00,18.08,9459.0,9940.08,3.05,11.6,0.3,6.4,-4.795
2026-06-05 02:00:00,20.38,9292.0,9939.42,3.05,10.4,4.1,7.6,-2.495
2026-06-05 03:00:00,24.8,9216.0,9941.33,3.05,9.7,5.0,8.3,1.925
2026-06-05 04:00:00,24.4,9150.0,9943.38,3.05,8.8,3.2,9.2,1.525
2026-06-05 05:00:00,39.8,9157.0,9947.58,3.05,8.0,0.6,10.0,16.925
2026-06-05 06:00:00,58.61,9214.0,9951.92,3.05,8.3,3.6,9.7,35.735
2026-06-05 07:00:00,43.38,9507.0,9963.71,3.05,9.6,5.1,8.4,20.505
2026-06-05 08:00:00,62.15,9933.0,9979.46,3.05,10.5,4.8,7.5,39.275
2026-06-05 09:00:00,26.91,10113.0,9987.75,3.05,12.2,5.4,5.8,4.035
2026-06-05 10:00:00,14.61,10278.0,9995.62,3.05,15.5,6.9,2.5,-8.265
2026-06-05 11:00:00,5.5,10403.0,10004.58,3.05,17.3,9.6,0.7,-17.375
2026-06-05 12:00:00,0.58,10493.0,10013.79,3.05,18.7,11.5,0.0,-22.295
2026-06-05 13:00:00,14.89,10465.0,10018.29,3.05,19.1,14.5,0.0,-7.985
2026-06-05 14:00:00,13.36,10557.0,10025.12,3.05,19.0,16.3,0.0,-9.515
2026-06-05 15:00:00,0.0,10626.0,10032.29,3.05,18.7,16.3,0.0,-22.875
2026-06-05 16:00:00,0.0,10505.0,10033.25,3.05,18.4,15.8,0.0,-22.875
2026-06-05 17:00:00,0.0,10419.0,10029.5,3.05,17.9,12.9,0.1,-22.875
2026-06-05 18:00:00,0.0,10382.0,10025.08,3.05,16.7,14.7,1.3,-22.875
2026-06-05 19:00:00,0.0,10199.0,10011.21,3.05,14.6,12.5,3.4,-22.875
2026-06-05 20:00:00,0.72,10050.0,9998.17,3.05,14.2,15.1,3.8,-22.155
2026-06-05 21:00:00,0.0,9996.0,9984.75,3.05,12.7,13.9,5.3,-22.875
2026-06-05 22:00:00,0.0,9963.0,9976.33,3.05,11.2,13.3,6.8,-22.875
2026-06-05 23:00:00,5.28,9832.0,9966.79,3.05,10.3,11.6,7.7,-17.595
2026-06-06 01:00:00,19.11,9210.0,9934.12,3.05,8.4,10.3,9.6,-3.765
2026-06-06 02:00:00,52.25,9060.0,9917.5,3.05,7.3,6.1,10.7,29.375
2026-06-06 03:00:00,47.62,8959.0,9903.62,3.05,6.3,4.5,11.7,24.745
2026-06-06 04:00:00,52.6,8888.0,9889.96,3.05,5.9,4.1,12.1,29.725
2026-06-06 05:00:00,40.78,8838.0,9876.96,3.05,5.5,3.7,12.5,17.905
2026-06-06 06:00:00,25.69,8774.0,9861.0,3.05,5.5,2.8,12.5,2.815
2026-06-06 07:00:00,24.42,8826.0,9844.83,3.05,6.2,5.7,11.8,1.545
2026-06-06 08:00:00,20.26,8979.0,9822.83,3.05,8.1,3.9,9.9,-2.615
2026-06-06 09:00:00,22.51,9195.0,9792.08,3.05,10.4,2.5,7.6,-0.365
2026-06-06 10:00:00,16.48,9320.0,9759.04,3.05,12.2,1.8,5.8,-6.395
2026-06-06 11:00:00,21.75,9448.0,9724.46,3.05,13.7,3.0,4.3,-1.125
2026-06-06 12:00:00,19.12,9436.0,9684.17,3.05,14.8,2.0,3.2,-3.755
2026-06-06 13:00:00,13.31,9407.0,9638.92,3.05,15.5,4.7,2.5,-9.565
2026-06-06 14:00:00,14.33,9421.0,9595.42,3.05,15.6,7.2,2.4,-8.545
2026-06-06 15:00:00,4.17,9424.0,9548.21,3.05,15.6,9.3,2.4,-18.705
2026-06-06 16:00:00,0.0,9534.0,9502.71,3.05,15.7,10.2,2.3,-22.875
2026-06-06 17:00:00,1.13,9580.0,9464.17,3.05,16.2,11.2,1.8,-21.745
2026-06-06 18:00:00,10.1,9653.0,9432.25,3.05,16.5,11.0,1.5,-12.775
2026-06-06 19:00:00,6.73,9713.0,9404.38,3.05,12.0,18.7,6.0,-16.145
2026-06-06 20:00:00,0.02,9708.0,9383.92,3.05,12.4,7.2,5.6,-22.855
2026-06-06 21:00:00,9.2,9658.0,9367.58,3.05,10.8,9.0,7.2,-13.675
2026-06-06 22:00:00,17.56,9689.0,9354.79,3.05,9.8,1.3,8.2,-5.315
2026-06-06 23:00:00,31.69,9641.0,9341.38,3.05,9.2,3.8,8.8,8.815
2026-06-07 01:00:00,7.4,9157.0,9313.25,3.05,7.4,5.1,10.6,-15.475
2026-06-07 02:00:00,0.01,8978.0,9303.58,3.05,6.3,5.1,11.7,-22.865
2026-06-07 03:00:00,3.16,8853.0,9294.96,3.05,5.5,6.5,12.5,-19.715
2026-06-07 04:00:00,6.65,8779.0,9287.46,3.05,5.1,9.3,12.9,-16.225
2026-06-07 05:00:00,10.14,8794.0,9283.54,3.05,4.5,11.3,13.5,-12.735
2026-06-07 06:00:00,0.01,8775.0,9280.92,3.05,5.2,12.2,12.8,-22.865
2026-06-07 07:00:00,0.0,8860.0,9284.5,3.05,6.1,9.6,11.9,-22.875
2026-06-07 08:00:00,0.0,8982.0,9291.0,3.05,7.6,9.8,10.4,-22.875
2026-06-07 09:00:00,0.02,9130.0,9297.29,3.05,8.7,9.8,9.3,-22.855
2026-06-07 10:00:00,5.3,9308.0,9302.0,3.05,9.7,7.4,8.3,-17.575
2026-06-07 11:00:00,0.41,9479.0,9308.62,3.05,10.5,6.9,7.5,-22.465
2026-06-07 12:00:00,0.0,9596.0,9314.79,3.05,9.3,7.3,8.7,-22.875
2026-06-07 13:00:00,0.0,9765.0,9328.5,3.05,11.2,8.2,6.8,-22.875
2026-06-07 14:00:00,0.0,9757.0,9343.08,3.05,9.6,4.7,8.4,-22.875
2026-06-07 15:00:00,0.0,9660.0,9353.04,3.05,11.0,9.4,7.0,-22.875
2026-06-07 16:00:00,0.0,9662.0,9362.96,3.05,10.7,2.7,7.3,-22.875
2026-06-07 17:00:00,0.0,9738.0,9371.46,3.05,12.1,5.1,5.9,-22.875
2026-06-07 18:00:00,0.0,9913.0,9385.33,3.05,8.3,9.0,9.7,-22.875
2026-06-07 19:00:00,0.0,9886.0,9395.04,3.05,9.0,2.9,9.0,-22.875
2026-06-07 20:00:00,0.0,9834.0,9400.08,3.05,9.6,5.9,8.4,-22.875
2026-06-07 21:00:00,0.0,9764.0,9402.42,3.05,9.1,5.7,8.9,-22.875
2026-06-07 22:00:00,0.0,9735.0,9405.62,3.05,9.0,11.4,9.0,-22.875
2026-06-07 23:00:00,0.0,9664.0,9404.58,3.05,8.9,14.1,9.1,-22.875
2026-06-08 01:00:00,0.0,9241.0,9387.92,3.1,8.2,5.2,9.8,-23.25
2026-06-08 02:00:00,0.0,9058.0,9383.79,3.1,7.3,1.8,10.7,-23.25
2026-06-08 03:00:00,0.0,9006.0,9384.96,3.1,7.4,6.6,10.6,-23.25
2026-06-08 04:00:00,0.0,8984.0,9390.42,3.1,8.1,11.1,9.9,-23.25
2026-06-08 05:00:00,0.0,8990.0,9399.21,3.1,8.4,14.6,9.6,-23.25
2026-06-08 06:00:00,0.0,9094.0,9411.71,3.1,8.5,15.2,9.5,-23.25
2026-06-08 07:00:00,0.0,9495.0,9441.71,3.1,9.3,16.1,8.7,-23.25
2026-06-08 08:00:00,0.0,9917.0,9485.75,3.1,10.4,17.6,7.6,-23.25
2026-06-08 09:00:00,0.0,9980.0,9527.33,3.1,12.1,15.5,5.9,-23.25
2026-06-08 10:00:00,0.0,9980.0,9562.75,3.1,13.6,15.4,4.4,-23.25
2026-06-08 11:00:00,0.0,10073.0,9594.62,3.1,14.9,13.1,3.1,-23.25
2026-06-08 12:00:00,0.0,10134.0,9621.92,3.1,16.3,9.5,1.7,-23.25
2026-06-08 13:00:00,0.0,10218.0,9647.83,3.1,17.3,10.0,0.7,-23.25
2026-06-08 14:00:00,0.0,10200.0,9665.96,3.1,17.5,11.0,0.5,-23.25
2026-06-08 15:00:00,0.0,10185.0,9683.79,3.1,18.1,10.4,0.0,-23.25
2026-06-08 16:00:00,0.0,10146.0,9704.04,3.1,18.7,11.0,0.0,-23.25
2026-06-08 17:00:00,0.0,10255.0,9728.75,3.1,18.9,8.0,0.0,-23.25
2026-06-08 18:00:00,6.35,10358.0,9754.58,3.1,19.1,1.9,0.0,-16.9
2026-06-08 19:00:00,19.63,10258.0,9768.96,3.1,18.9,1.2,0.0,-3.62
2026-06-08 20:00:00,24.03,10194.0,9781.79,3.1,17.9,4.8,0.1,0.78
2026-06-08 21:00:00,37.61,10128.0,9794.04,3.1,15.5,10.3,2.5,14.36
2026-06-08 22:00:00,33.67,9909.0,9800.08,3.1,13.8,12.8,4.2,10.42
2026-06-08 23:00:00,29.17,9701.0,9798.67,3.1,12.6,7.7,5.4,5.92
2026-06-09 01:00:00,49.94,9122.0,9776.08,3.18,9.6,5.4,8.4,26.09
2026-06-09 02:00:00,48.14,8949.0,9763.92,3.18,8.6,6.2,9.4,24.29
2026-06-09 03:00:00,51.12,8845.0,9755.04,3.18,8.4,7.1,9.6,27.27
2026-06-09 04:00:00,45.92,8790.0,9746.04,3.18,9.3,6.7,8.7,22.07
2026-06-09 05:00:00,38.98,8784.0,9737.71,3.18,9.1,6.7,8.9,15.13
2026-06-09 06:00:00,37.66,8800.0,9729.79,3.18,9.4,7.4,8.6,13.81
2026-06-09 07:00:00,41.05,9067.0,9728.67,3.18,9.8,8.3,8.2,17.2
2026-06-09 08:00:00,37.77,9460.0,9727.21,3.18,11.0,11.1,7.0,13.92
2026-06-09 09:00:00,29.45,9615.0,9714.62,3.18,12.4,9.6,5.6,5.6
2026-06-09 10:00:00,20.52,9746.0,9704.88,3.18,13.5,11.2,4.5,-3.33
2026-06-09 11:00:00,11.37,9871.0,9700.33,3.18,14.4,11.3,3.6,-12.48
2026-06-09 12:00:00,7.06,9943.0,9694.92,3.18,15.5,8.6,2.5,-16.79
2026-06-09 13:00:00,9.0,10005.0,9689.54,3.18,16.0,6.8,2.0,-14.85
2026-06-09 14:00:00,18.41,10059.0,9682.92,3.18,16.9,5.6,1.1,-5.44
2026-06-09 15:00:00,21.66,10079.0,9677.88,3.18,16.9,0.7,1.1,-2.19
2026-06-09 16:00:00,19.5,10202.0,9678.58,3.18,13.0,10.6,5.0,-4.35
2026-06-09 17:00:00,11.36,10320.0,9685.83,3.18,14.0,2.5,4.0,-12.49
2026-06-09 18:00:00,10.37,10413.0,9692.42,3.18,13.3,18.1,4.7,-13.48
2026-06-09 19:00:00,0.0,10307.0,9690.29,3.18,13.5,17.1,4.5,-23.85
2026-06-09 20:00:00,0.0,10174.0,9686.79,3.18,13.4,10.1,4.6,-23.85
2026-06-09 21:00:00,0.0,10066.0,9681.46,3.18,12.3,13.2,5.7,-23.85
2026-06-09 22:00:00,4.99,9951.0,9674.08,3.18,10.9,13.6,7.1,-18.86
2026-06-09 23:00:00,1.69,9807.0,9669.83,3.18,9.7,13.5,8.3,-22.16
2026-06-10 01:00:00,9.39,9259.0,9651.42,3.27,10.2,10.1,7.8,-15.135
2026-06-10 02:00:00,0.0,9135.0,9651.96,3.27,9.7,13.1,8.3,-24.525
2026-06-10 03:00:00,0.0,9058.0,9656.5,3.27,9.0,12.3,9.0,-24.525
2026-06-10 04:00:00,0.0,9006.0,9663.21,3.27,8.6,14.5,9.4,-24.525
2026-06-10 05:00:00,0.0,9025.0,9673.0,3.27,7.9,11.3,10.1,-24.525
2026-06-10 06:00:00,0.0,9121.0,9687.04,3.27,8.4,10.8,9.6,-24.525
2026-06-10 07:00:00,0.0,9500.0,9716.21,3.27,8.7,16.0,9.3,-24.525
2026-06-10 08:00:00,0.0,9840.0,9748.42,3.27,9.5,15.3,8.5,-24.525
2026-06-10 09:00:00,0.0,10003.0,9771.04,3.27,10.5,17.7,7.5,-24.525
2026-06-10 10:00:00,0.0,10167.0,9794.04,3.27,10.8,22.1,7.2,-24.525
2026-06-10 11:00:00,0.0,10252.0,9815.12,3.27,10.3,23.0,7.7,-24.525
2026-06-10 12:00:00,0.0,10287.0,9832.46,3.27,10.5,23.3,7.5,-24.525
2026-06-10 13:00:00,0.0,10329.0,9848.54,3.27,11.9,21.8,6.1,-24.525
2026-06-10 14:00:00,0.0,10314.0,9861.42,3.27,12.8,25.7,5.2,-24.525
2026-06-10 15:00:00,0.0,10375.0,9874.58,3.27,14.4,25.7,3.6,-24.525
2026-06-10 16:00:00,0.0,10402.0,9888.04,3.27,14.9,25.0,3.1,-24.525
2026-06-10 17:00:00,6.11,10358.0,9894.54,3.27,14.9,24.7,3.1,-18.415
2026-06-10 18:00:00,0.0,10305.0,9893.92,3.27,14.7,23.4,3.3,-24.525
2026-06-10 19:00:00,14.36,10195.0,9884.83,3.27,14.2,20.7,3.8,-10.165
2026-06-10 20:00:00,2.28,10138.0,9877.79,3.27,13.9,17.4,4.1,-22.245
2026-06-10 21:00:00,21.97,10050.0,9872.62,3.27,13.1,13.9,4.9,-2.555
2026-06-10 22:00:00,21.5,9958.0,9868.12,3.27,12.6,17.9,5.4,-3.025
2026-06-10 23:00:00,22.52,9771.0,9860.62,3.27,11.9,18.7,6.1,-2.005
2026-06-11 01:00:00,0.0,9344.0,9841.33,3.16,10.7,13.6,7.3,-23.7
2026-06-11 02:00:00,0.0,9203.0,9839.0,3.16,10.6,11.7,7.4,-23.7
2026-06-11 03:00:00,0.0,9103.0,9837.67,3.16,9.9,11.8,8.1,-23.7
2026-06-11 04:00:00,0.0,9079.0,9838.54,3.16,9.6,12.1,8.4,-23.7
2026-06-11 05:00:00,0.0,9093.0,9842.17,3.16,10.1,10.5,7.9,-23.7
2026-06-11 06:00:00,0.0,9145.0,9847.17,3.16,9.9,7.6,8.1,-23.7
2026-06-11 07:00:00,5.62,9438.0,9860.38,3.16,10.5,6.8,7.5,-18.08
2026-06-11 08:00:00,17.9,9888.0,9876.54,3.16,11.8,6.2,6.2,-5.8
2026-06-11 09:00:00,22.64,10117.0,9888.08,3.16,12.7,6.6,5.3,-1.06
2026-06-11 10:00:00,17.68,10286.0,9899.88,3.16,14.2,5.7,3.8,-6.02
2026-06-11 11:00:00,7.83,10364.0,9908.08,3.16,14.1,7.3,3.9,-15.87
2026-06-11 12:00:00,0.0,10332.0,9911.42,3.16,13.4,9.5,4.6,-23.7
2026-06-11 13:00:00,0.0,10372.0,9914.96,3.16,14.3,6.8,3.7,-23.7
2026-06-11 14:00:00,0.0,10454.0,9920.17,3.16,13.9,0.9,4.1,-23.7
2026-06-11 15:00:00,9.72,10475.0,9926.88,3.16,15.1,4.1,2.9,-13.98
2026-06-11 16:00:00,11.99,10382.0,9927.17,3.16,13.0,2.8,5.0,-11.71
2026-06-11 17:00:00,16.26,10441.0,9928.79,3.16,14.5,0.7,3.5,-7.44
2026-06-11 18:00:00,20.81,10394.0,9930.29,3.16,12.3,2.2,5.7,-2.89
2026-06-11 19:00:00,6.75,10298.0,9930.0,3.16,13.2,8.2,4.8,-16.95
2026-06-11 20:00:00,0.0,10164.0,9928.71,3.16,13.1,9.1,4.9,-23.7
2026-06-11 21:00:00,17.29,10107.0,9927.42,3.16,11.8,9.5,6.2,-6.41
2026-06-11 22:00:00,74.87,10089.0,9929.04,3.16,10.7,8.8,7.3,51.17
2026-06-11 23:00:00,60.13,9911.0,9927.08,3.16,9.9,9.3,8.1,36.43
2026-06-12 01:00:00,13.82,9387.0,9911.08,3.06,8.3,8.0,9.7,-9.13
2026-06-12 02:00:00,11.89,9221.0,9905.96,3.06,7.8,7.8,10.2,-11.06
2026-06-12 03:00:00,11.68,9134.0,9903.08,3.06,7.4,7.4,10.6,-11.27
2026-06-12 04:00:00,1.25,9093.0,9902.67,3.06,7.1,6.7,10.9,-21.7
2026-06-12 05:00:00,4.81,9111.0,9904.0,3.06,7.2,7.8,10.8,-18.14
2026-06-12 06:00:00,14.63,9221.0,9909.33,3.06,7.7,9.6,10.3,-8.32
2026-06-12 07:00:00,20.98,9507.0,9924.42,3.06,8.0,7.7,10.0,-1.97
2026-06-12 08:00:00,23.03,9937.0,9945.21,3.06,8.4,8.8,9.6,0.08
2026-06-12 09:00:00,24.15,10170.0,9956.96,3.06,8.3,10.3,9.7,1.2
2026-06-12 10:00:00,30.61,10380.0,9967.92,3.06,8.3,10.8,9.7,7.66
2026-06-12 11:00:00,26.17,10443.0,9974.46,3.06,9.2,12.5,8.8,3.22
2026-06-12 12:00:00,23.76,10434.0,9977.38,3.06,9.9,12.8,8.1,0.81
2026-06-12 13:00:00,17.95,10390.0,9979.79,3.06,10.3,13.2,7.7,-5.0
2026-06-12 14:00:00,14.71,10328.0,9977.96,3.06,10.9,16.9,7.1,-8.24
2026-06-12 15:00:00,12.51,10286.0,9970.96,3.06,11.2,17.1,6.8,-10.44
2026-06-12 16:00:00,0.01,10272.0,9962.5,3.06,11.7,18.9,6.3,-22.94
2026-06-12 17:00:00,0.0,10298.0,9959.0,3.06,11.8,19.6,6.2,-22.95
2026-06-12 18:00:00,0.0,10316.0,9953.79,3.06,11.8,19.4,6.2,-22.95
2026-06-12 19:00:00,0.0,10220.0,9946.54,3.06,11.4,19.0,6.6,-22.95
2026-06-12 20:00:00,6.85,10145.0,9940.17,3.06,10.7,17.1,7.3,-16.1
2026-06-12 21:00:00,18.7,10056.0,9935.67,3.06,10.0,11.6,8.0,-4.25
2026-06-12 22:00:00,19.19,10026.0,9932.29,3.06,8.9,10.1,9.1,-3.76
2026-06-12 23:00:00,19.44,9958.0,9926.83,3.06,8.3,9.6,9.7,-3.51
2026-06-13 01:00:00,10.3,9512.0,9910.21,3.06,7.6,11.7,10.4,-12.65
2026-06-13 02:00:00,0.02,9346.0,9908.5,3.06,7.2,11.9,10.8,-22.93
2026-06-13 03:00:00,0.01,9220.0,9908.46,3.06,6.9,11.3,11.1,-22.94
2026-06-13 04:00:00,0.02,9197.0,9911.08,3.06,6.4,10.9,11.6,-22.93
2026-06-13 05:00:00,4.69,9148.0,9913.38,3.06,6.0,10.7,12.0,-18.26
2026-06-13 06:00:00,11.44,9103.0,9913.04,3.06,5.9,10.8,12.1,-11.51
2026-06-13 07:00:00,11.65,9161.0,9910.54,3.06,7.0,10.0,11.0,-11.3
2026-06-13 08:00:00,12.04,9274.0,9900.83,3.06,8.9,8.4,9.1,-10.91
2026-06-13 09:00:00,13.48,9439.0,9880.08,3.06,11.1,8.7,6.9,-9.47
2026-06-13 10:00:00,11.75,9658.0,9858.75,3.06,12.6,8.7,5.4,-11.2
2026-06-13 11:00:00,10.12,9819.0,9835.38,3.06,13.6,8.7,4.4,-12.83
2026-06-13 12:00:00,0.01,9970.0,9815.67,3.06,14.8,8.1,3.2,-22.94
2026-06-13 13:00:00,0.01,9896.0,9793.25,3.06,15.5,7.0,2.5,-22.94
2026-06-13 14:00:00,0.17,9843.0,9770.46,3.06,16.1,5.6,1.9,-22.78
2026-06-13 15:00:00,12.07,9776.0,9747.46,3.06,16.6,4.8,1.4,-10.88
2026-06-13 16:00:00,19.44,9851.0,9729.33,3.06,16.9,5.6,1.1,-3.51
2026-06-13 17:00:00,21.82,9947.0,9715.79,3.06,17.0,5.2,1.0,-1.13
2026-06-13 18:00:00,20.24,10118.0,9708.29,3.06,17.5,5.7,0.5,-2.71
2026-06-13 19:00:00,25.21,10165.0,9702.0,3.06,17.1,6.9,0.9,2.26
2026-06-13 20:00:00,42.08,10158.0,9699.42,3.06,16.4,6.9,1.6,19.13
2026-06-13 21:00:00,111.12,10067.0,9696.17,3.06,14.7,5.3,3.3,88.17
2026-06-13 22:00:00,165.93,9831.0,9686.79,3.06,12.8,5.0,5.2,142.98
2026-06-13 23:00:00,92.0,9821.0,9678.25,3.06,12.2,6.2,5.8,69.05
2026-06-14 01:00:00,35.92,9426.0,9656.08,3.06,10.0,5.8,8.0,12.97
2026-06-14 02:00:00,26.07,9252.0,9645.25,3.06,9.2,5.4,8.8,3.12
2026-06-14 03:00:00,22.93,9110.0,9635.42,3.06,8.6,5.0,9.4,-0.02
2026-06-14 04:00:00,21.25,9045.0,9628.12,3.06,7.8,5.0,10.2,-1.7
2026-06-14 05:00:00,19.85,9012.0,9620.42,3.06,6.9,5.2,11.1,-3.1
2026-06-14 06:00:00,19.78,8924.0,9611.08,3.06,6.8,8.3,11.2,-3.17
2026-06-14 07:00:00,15.97,8940.0,9604.29,3.06,8.2,8.6,9.8,-6.98
2026-06-14 08:00:00,13.23,9085.0,9601.12,3.06,10.3,8.5,7.7,-9.72
2026-06-14 09:00:00,13.4,9322.0,9603.12,3.06,13.3,6.6,4.7,-9.55
2026-06-14 10:00:00,17.66,9577.0,9608.88,3.06,16.4,5.2,1.6,-5.29
2026-06-14 11:00:00,16.91,9804.0,9614.96,3.06,18.4,7.6,0.0,-6.04
2026-06-14 12:00:00,20.55,9973.0,9621.38,3.06,20.2,9.2,0.0,-2.4
2026-06-14 13:00:00,14.59,10049.0,9624.67,3.06,20.8,8.3,0.0,-8.36
2026-06-14 14:00:00,16.51,10179.0,9636.46,3.06,21.5,9.4,0.0,-6.44
2026-06-14 15:00:00,15.18,10244.0,9653.17,3.06,21.5,8.3,0.0,-7.77
2026-06-14 16:00:00,19.48,10374.0,9678.08,3.06,21.7,6.1,0.0,-3.47
2026-06-14 17:00:00,22.55,10461.0,9703.5,3.06,21.7,7.7,0.0,-0.4
2026-06-14 18:00:00,23.13,10515.0,9727.17,3.06,21.8,9.7,0.0,0.18
2026-06-14 19:00:00,23.88,10515.0,9743.71,3.06,21.3,8.8,0.0,0.93
2026-06-14 20:00:00,23.08,10422.0,9754.42,3.06,20.3,5.0,0.0,0.13
2026-06-14 21:00:00,35.92,10312.0,9760.83,3.06,18.8,3.3,0.0,12.97
2026-06-14 22:00:00,35.77,10189.0,9765.92,3.06,17.2,2.0,0.8,12.82
2026-06-14 23:00:00,35.91,10083.0,9776.42,3.06,15.5,4.3,2.5,12.96
2026-06-15 01:00:00,23.76,9464.0,9761.54,3.06,15.0,2.1,3.0,0.81
2026-06-15 02:00:00,23.46,9235.0,9753.58,3.06,14.3,1.7,3.7,0.51
2026-06-15 03:00:00,21.74,9040.0,9744.75,3.06,13.9,2.4,4.1,-1.21
2026-06-15 04:00:00,21.67,9012.0,9740.67,3.06,12.9,3.5,5.1,-1.28
2026-06-15 05:00:00,21.73,9056.0,9741.12,3.06,12.5,7.1,5.5,-1.22
2026-06-15 06:00:00,22.97,9140.0,9746.46,3.06,10.9,8.8,7.1,0.02
2026-06-15 07:00:00,23.55,9463.0,9768.92,3.06,12.2,8.2,5.8,0.6
2026-06-15 08:00:00,24.79,9936.0,9810.42,3.06,14.3,7.1,3.7,1.84
2026-06-15 09:00:00,27.16,10221.0,9857.75,3.06,16.6,4.7,1.4,4.21
2026-06-15 10:00:00,27.54,10425.0,9903.71,3.06,19.0,4.8,0.0,4.59
2026-06-15 11:00:00,25.12,10661.0,9948.88,3.06,20.2,6.4,0.0,2.17
2026-06-15 12:00:00,24.1,10787.0,9989.83,3.06,21.2,8.2,0.0,1.15
2026-06-15 13:00:00,24.11,10834.0,10025.71,3.06,22.0,9.5,0.0,1.16
2026-06-15 14:00:00,24.25,10892.0,10060.83,3.06,22.8,10.1,0.0,1.3
2026-06-15 15:00:00,24.16,10966.0,10093.62,3.06,22.7,10.0,0.0,1.21
2026-06-15 16:00:00,30.16,11068.0,10127.96,3.06,21.8,11.1,0.0,7.21
2026-06-15 17:00:00,25.77,11083.0,10157.5,3.06,22.8,9.6,0.0,2.82
2026-06-15 18:00:00,34.42,11073.0,10183.0,3.06,22.6,5.4,0.0,11.47
2026-06-15 19:00:00,96.49,10780.0,10194.04,3.06,21.9,5.3,0.0,73.54
2026-06-15 20:00:00,143.96,10521.0,10194.29,3.06,20.8,6.3,0.0,121.01
2026-06-15 21:00:00,39.81,10468.0,10196.21,3.06,19.8,7.6,0.0,16.86
2026-06-15 22:00:00,42.35,10404.0,10200.04,3.06,19.0,7.0,0.0,19.4
2026-06-15 23:00:00,26.69,10174.0,10199.42,3.06,17.7,5.8,0.3,3.74
2026-06-16 01:00:00,29.73,9533.0,10176.5,3.1,15.1,5.8,2.9,6.48
2026-06-16 02:00:00,22.94,9407.0,10174.12,3.1,14.1,7.0,3.9,-0.31
2026-06-16 03:00:00,20.85,9256.0,10175.0,3.1,13.4,6.5,4.6,-2.4
2026-06-16 04:00:00,21.85,9221.0,10182.54,3.1,12.9,5.6,5.1,-1.4
2026-06-16 05:00:00,21.45,9200.0,10190.38,3.1,12.7,5.3,5.3,-1.8
2026-06-16 06:00:00,23.28,9238.0,10197.96,3.1,11.8,5.8,6.2,0.03
2026-06-16 07:00:00,35.51,9554.0,10215.21,3.1,13.2,5.1,4.8,12.26
2026-06-16 08:00:00,50.96,9903.0,10233.54,3.1,14.2,3.3,3.8,27.71
2026-06-16 09:00:00,58.57,10184.0,10243.88,3.1,16.8,2.8,1.2,35.32
2026-06-16 10:00:00,35.62,10387.0,10250.79,3.1,19.1,3.5,0.0,12.37
2026-06-16 11:00:00,39.15,10550.0,10256.0,3.1,18.3,11.4,0.0,15.9
2026-06-16 12:00:00,22.83,10721.0,10258.5,3.1,19.4,17.0,0.0,-0.42
2026-06-16 13:00:00,16.05,10733.0,10256.25,3.1,16.6,22.1,1.4,-7.2
2026-06-16 14:00:00,7.59,10758.0,10253.08,3.1,16.9,18.1,1.1,-15.66
2026-06-16 15:00:00,4.16,10884.0,10252.75,3.1,15.5,15.6,2.5,-19.09
2026-06-16 16:00:00,1.72,10765.0,10244.38,3.1,16.4,11.5,1.6,-21.53
2026-06-16 17:00:00,0.0,10671.0,10227.83,3.1,12.8,12.9,5.2,-23.25
2026-06-16 18:00:00,0.0,10734.0,10213.29,3.1,11.4,18.2,6.6,-23.25
2026-06-16 19:00:00,5.78,10519.0,10190.21,3.1,12.9,12.3,5.1,-17.47
2026-06-16 20:00:00,11.88,10356.0,10172.54,3.1,12.9,10.8,5.1,-11.37
2026-06-16 21:00:00,4.43,10222.0,10160.08,3.1,13.2,19.1,4.8,-18.82
2026-06-16 22:00:00,0.0,10110.0,10145.17,3.1,12.4,14.2,5.6,-23.25
2026-06-16 23:00:00,0.01,9939.0,10125.79,3.1,11.7,14.3,6.3,-23.24
2026-06-17 01:00:00,0.0,9431.0,10094.83,3.25,10.0,11.6,8.0,-24.375
2026-06-17 02:00:00,0.0,9262.0,10083.54,3.25,10.2,14.2,7.8,-24.375
2026-06-17 03:00:00,0.0,9120.0,10071.58,3.25,9.8,13.0,8.2,-24.375
2026-06-17 04:00:00,0.0,9108.0,10065.42,3.25,9.1,10.4,8.9,-24.375
2026-06-17 05:00:00,0.0,9163.0,10063.0,3.25,8.0,9.5,10.0,-24.375
2026-06-17 06:00:00,0.0,9270.0,10065.92,3.25,10.2,15.2,7.8,-24.375
2026-06-17 07:00:00,0.0,9605.0,10081.21,3.25,10.8,12.5,7.2,-24.375
2026-06-17 08:00:00,0.0,10010.0,10100.21,3.25,12.0,14.8,6.0,-24.375
2026-06-17 09:00:00,0.0,10188.0,10112.08,3.25,13.0,13.9,5.0,-24.375
2026-06-17 10:00:00,0.0,10278.0,10116.0,3.25,13.7,21.5,4.3,-24.375
2026-06-17 11:00:00,0.0,10361.0,10114.92,3.25,12.0,21.3,6.0,-24.375
2026-06-17 12:00:00,0.0,10359.0,10106.96,3.25,13.0,25.1,5.0,-24.375
2026-06-17 13:00:00,0.0,10421.0,10094.46,3.25,13.4,23.1,4.6,-24.375
2026-06-17 14:00:00,0.0,10517.0,10085.46,3.25,14.5,23.7,3.5,-24.375
2026-06-17 15:00:00,0.0,10472.0,10073.54,3.25,15.7,19.9,2.3,-24.375
2026-06-17 16:00:00,0.0,10489.0,10057.08,3.25,15.7,16.6,2.3,-24.375
2026-06-17 17:00:00,0.0,10594.0,10049.96,3.25,15.9,14.8,2.1,-24.375
2026-06-17 18:00:00,12.72,10595.0,10046.79,3.25,15.1,12.7,2.9,-11.655
2026-06-17 19:00:00,14.86,10405.0,10033.08,3.25,12.4,9.9,5.6,-9.515
2026-06-17 20:00:00,14.33,10289.0,10023.5,3.25,12.0,15.4,6.0,-10.045
2026-06-17 21:00:00,29.64,10199.0,10016.96,3.25,11.4,7.5,6.6,5.265
2026-06-17 22:00:00,32.16,10123.0,10012.83,3.25,10.6,12.2,7.4,7.785
2026-06-17 23:00:00,44.31,9990.0,10007.83,3.25,9.5,9.4,8.5,19.935
2026-06-18 01:00:00,24.32,9417.0,9986.08,3.08,8.7,12.3,9.3,1.22
2026-06-18 02:00:00,23.37,9279.0,9979.75,3.08,8.1,10.5,9.9,0.27
2026-06-18 03:00:00,9.8,9192.0,9976.83,3.08,8.1,14.3,9.9,-13.3
2026-06-18 04:00:00,4.22,9142.0,9977.75,3.08,8.1,10.7,9.9,-18.88
2026-06-18 05:00:00,12.16,9171.0,9980.38,3.08,7.6,9.4,10.4,-10.94
2026-06-18 06:00:00,11.2,9283.0,9985.38,3.08,7.3,10.6,10.7,-11.9
2026-06-18 07:00:00,9.17,9650.0,10001.21,3.08,8.3,11.7,9.7,-13.93
2026-06-18 08:00:00,14.63,10079.0,10020.96,3.08,9.6,13.6,8.4,-8.47
2026-06-18 09:00:00,7.38,10288.0,10032.54,3.08,9.9,17.8,8.1,-15.72
2026-06-18 10:00:00,0.0,10390.0,10040.96,3.08,11.0,18.2,7.0,-23.1
2026-06-18 11:00:00,0.0,10405.0,10046.25,3.08,12.4,16.1,5.6,-23.1
2026-06-18 12:00:00,0.0,10357.0,10046.08,3.08,13.3,17.3,4.7,-23.1
2026-06-18 13:00:00,0.0,10324.0,10044.62,3.08,14.3,17.0,3.7,-23.1
2026-06-18 14:00:00,0.0,10408.0,10044.08,3.08,14.8,15.3,3.2,-23.1
2026-06-18 15:00:00,0.0,10461.0,10041.75,3.08,15.4,13.8,2.6,-23.1
2026-06-18 16:00:00,0.0,10489.0,10042.46,3.08,15.7,12.7,2.3,-23.1
2026-06-18 17:00:00,0.0,10528.0,10044.08,3.08,14.2,8.5,3.8,-23.1
2026-06-18 18:00:00,0.0,10517.0,10040.88,3.08,15.5,10.1,2.5,-23.1
2026-06-18 19:00:00,10.79,10422.0,10033.67,3.08,14.7,9.9,3.3,-12.31
2026-06-18 20:00:00,16.29,10398.0,10033.38,3.08,14.2,7.2,3.8,-6.81
2026-06-18 21:00:00,29.13,10355.0,10036.12,3.08,13.4,5.6,4.6,6.03
2026-06-18 22:00:00,44.91,10161.0,10034.54,3.08,11.7,3.8,6.3,21.81
2026-06-18 23:00:00,33.03,9995.0,10029.21,3.08,11.3,0.9,6.7,9.93
2026-06-19 01:00:00,32.6,9541.0,10010.5,3.08,9.0,4.5,9.0,9.5
2026-06-19 02:00:00,27.99,9384.0,10009.12,3.08,8.1,5.2,9.9,4.89
2026-06-19 03:00:00,27.65,9320.0,10010.83,3.08,7.5,5.6,10.5,4.55
2026-06-19 04:00:00,27.14,9255.0,10013.46,3.08,6.9,5.6,11.1,4.04
2026-06-19 05:00:00,22.39,9235.0,10017.33,3.08,6.3,5.4,11.7,-0.71
2026-06-19 06:00:00,23.09,9270.0,10021.46,3.08,5.6,6.9,12.4,-0.01
2026-06-19 07:00:00,24.79,9552.0,10032.67,3.08,6.8,5.7,11.2,1.69
2026-06-19 08:00:00,26.32,10008.0,10047.58,3.08,9.3,4.1,8.7,3.22
2026-06-19 09:00:00,25.22,10197.0,10052.5,3.08,11.9,3.1,6.1,2.12
2026-06-19 10:00:00,25.29,10328.0,10054.17,3.08,14.0,6.4,4.0,2.19
2026-06-19 11:00:00,19.87,10414.0,10055.17,3.08,15.6,10.2,2.4,-3.23
2026-06-19 12:00:00,17.31,10441.0,10056.67,3.08,17.0,10.6,1.0,-5.79
2026-06-19 13:00:00,17.46,10435.0,10059.92,3.08,17.6,12.1,0.4,-5.64
2026-06-19 14:00:00,18.69,10497.0,10067.12,3.08,17.9,12.8,0.1,-4.41
2026-06-19 15:00:00,22.25,10546.0,10072.88,3.08,18.3,13.0,0.0,-0.85
2026-06-19 16:00:00,23.14,10526.0,10075.58,3.08,18.4,15.3,0.0,0.04
2026-06-19 17:00:00,23.47,10619.0,10081.0,3.08,18.8,16.1,0.0,0.37
2026-06-19 18:00:00,25.86,10644.0,10085.83,3.08,19.3,16.6,0.0,2.76
2026-06-19 19:00:00,23.86,10540.0,10086.79,3.08,19.0,17.5,0.0,0.76
2026-06-19 20:00:00,23.1,10445.0,10087.75,3.08,18.0,16.0,0.0,0.0
2026-06-19 21:00:00,23.23,10323.0,10084.62,3.08,16.6,14.3,1.4,0.13
2026-06-19 22:00:00,15.65,10217.0,10078.88,3.08,15.1,13.0,2.9,-7.45
2026-06-19 23:00:00,13.03,10179.0,10079.62,3.08,14.0,13.0,4.0,-10.07
2026-06-20 01:00:00,0.0,9625.0,10064.21,3.08,12.5,13.2,5.5,-23.1
2026-06-20 02:00:00,0.0,9419.0,10059.12,3.08,11.7,12.1,6.3,-23.1
2026-06-20 03:00:00,0.0,9265.0,10054.17,3.08,11.1,11.8,6.9,-23.1
2026-06-20 04:00:00,0.0,9180.0,10048.33,3.08,10.7,12.0,7.3,-23.1
2026-06-20 05:00:00,0.0,9223.0,10047.0,3.08,10.3,10.4,7.7,-23.1
2026-06-20 06:00:00,0.0,9231.0,10046.83,3.08,9.4,9.1,8.6,-23.1
2026-06-20 07:00:00,0.0,9404.0,10052.42,3.08,10.1,8.7,7.9,-23.1
2026-06-20 08:00:00,0.0,9616.0,10055.08,3.08,11.3,8.5,6.7,-23.1
2026-06-20 09:00:00,0.0,9904.0,10050.75,3.08,12.5,8.1,5.5,-23.1
2026-06-20 10:00:00,0.0,10087.0,10046.17,3.08,14.2,10.9,3.8,-23.1
2026-06-20 11:00:00,7.15,10201.0,10040.88,3.08,16.4,12.1,1.6,-15.95
2026-06-20 12:00:00,0.0,10329.0,10037.33,3.08,18.8,11.0,0.0,-23.1
2026-06-20 13:00:00,0.0,10395.0,10035.42,3.08,20.3,5.1,0.0,-23.1
2026-06-20 14:00:00,0.0,10417.0,10034.67,3.08,18.1,2.7,0.0,-23.1
2026-06-20 15:00:00,0.0,10387.0,10030.08,3.08,17.2,11.7,0.8,-23.1
2026-06-20 16:00:00,0.0,10381.0,10023.21,3.08,15.4,17.9,2.6,-23.1
2026-06-20 17:00:00,0.0,10444.0,10019.79,3.08,17.6,13.6,0.4,-23.1
2026-06-20 18:00:00,6.36,10417.0,10011.38,3.08,16.2,25.3,1.8,-16.74
2026-06-20 19:00:00,1.73,10294.0,9996.79,3.08,13.8,23.8,4.2,-21.37
2026-06-20 20:00:00,0.0,10227.0,9983.75,3.08,12.3,24.2,5.7,-23.1
2026-06-20 21:00:00,0.0,10166.0,9972.12,3.08,10.6,23.0,7.4,-23.1
2026-06-20 22:00:00,17.27,10082.0,9962.08,3.08,9.6,22.1,8.4,-5.83
2026-06-20 23:00:00,30.38,10008.0,9953.38,3.08,9.3,20.0,8.7,7.28
2026-06-21 01:00:00,15.09,9564.0,9927.75,3.08,8.7,21.2,9.3,-8.01
2026-06-21 02:00:00,14.41,9399.0,9918.33,3.08,8.4,22.3,9.6,-8.69
2026-06-21 03:00:00,9.2,9266.0,9911.96,3.08,8.4,20.4,9.6,-13.9
2026-06-21 04:00:00,0.6,9230.0,9910.5,3.08,8.1,19.2,9.9,-22.5
2026-06-21 05:00:00,9.23,9258.0,9913.75,3.08,8.2,18.5,9.8,-13.87
2026-06-21 06:00:00,13.58,9181.0,9912.0,3.08,8.7,17.1,9.3,-9.52
2026-06-21 07:00:00,13.64,9210.0,9911.12,3.08,9.1,18.3,8.9,-9.46
2026-06-21 08:00:00,12.03,9395.0,9910.75,3.08,9.9,23.8,8.1,-11.07
2026-06-21 09:00:00,10.08,9663.0,9912.71,3.08,11.0,27.0,7.0,-13.02
2026-06-21 10:00:00,9.99,9915.0,9913.17,3.08,11.7,26.1,6.3,-13.11
2026-06-21 11:00:00,0.01,10115.0,9914.33,3.08,12.3,24.2,5.7,-23.09
2026-06-21 12:00:00,0.03,10302.0,9918.54,3.08,12.6,25.9,5.4,-23.07
2026-06-21 13:00:00,6.65,10365.0,9920.04,3.08,12.6,27.4,5.4,-16.45
2026-06-21 14:00:00,12.81,10298.0,9916.0,3.08,13.0,27.4,5.0,-10.29
2026-06-21 15:00:00,13.07,10259.0,9909.42,3.08,13.6,29.3,4.4,-10.03
2026-06-21 16:00:00,3.11,10330.0,9907.04,3.08,13.3,26.7,4.7,-19.99
2026-06-21 17:00:00,0.0,10404.0,9908.0,3.08,13.4,26.5,4.6,-23.1
2026-06-21 18:00:00,0.01,10417.0,9906.88,3.08,13.8,24.3,4.2,-23.09
2026-06-21 19:00:00,10.24,10315.0,9902.62,3.08,13.2,23.8,4.8,-12.86
2026-06-21 20:00:00,18.46,10266.0,9901.46,3.08,12.0,23.2,6.0,-4.64
2026-06-21 21:00:00,21.29,10179.0,9899.46,3.08,10.3,23.3,7.7,-1.81
2026-06-21 22:00:00,19.08,10092.0,9896.38,3.08,9.3,22.5,8.7,-4.02
2026-06-21 23:00:00,20.03,9967.0,9891.58,3.08,9.2,20.2,8.8,-3.07
2026-06-22 01:00:00,16.1,9589.0,9874.12,3.16,8.8,19.2,9.2,-7.6
2026-06-22 02:00:00,13.27,9405.0,9867.5,3.16,8.8,19.9,9.2,-10.43
2026-06-22 03:00:00,12.87,9325.0,9864.42,3.16,8.7,18.1,9.3,-10.83
2026-06-22 04:00:00,9.01,9290.0,9865.42,3.16,8.5,17.6,9.5,-14.69
2026-06-22 05:00:00,8.79,9319.0,9869.12,3.16,8.5,18.8,9.5,-14.91
2026-06-22 06:00:00,11.38,9443.0,9876.83,3.16,8.1,16.9,9.9,-12.32
2026-06-22 07:00:00,12.77,9725.0,9899.5,3.16,8.3,16.9,9.7,-10.93
2026-06-22 08:00:00,12.31,10170.0,9939.5,3.16,8.7,20.1,9.3,-11.39
2026-06-22 09:00:00,1.91,10450.0,9983.46,3.16,8.8,21.4,9.2,-21.79
2026-06-22 10:00:00,0.01,10626.0,10023.58,3.16,8.7,19.7,9.3,-23.69
2026-06-22 11:00:00,0.0,10760.0,10058.79,3.16,8.7,19.1,9.3,-23.7
2026-06-22 12:00:00,0.01,10746.0,10085.08,3.16,11.1,22.4,6.9,-23.69
2026-06-22 13:00:00,0.01,10733.0,10103.04,3.16,11.1,21.3,6.9,-23.69
2026-06-22 14:00:00,0.0,10702.0,10117.08,3.16,12.3,22.5,5.7,-23.7
2026-06-22 15:00:00,0.01,10572.0,10128.5,3.16,12.7,21.4,5.3,-23.69
2026-06-22 16:00:00,0.0,10559.0,10141.0,3.16,12.9,18.3,5.1,-23.7
2026-06-22 17:00:00,8.3,10635.0,10153.71,3.16,13.0,16.7,5.0,-15.4
2026-06-22 18:00:00,16.71,10714.0,10166.62,3.16,13.9,16.6,4.1,-6.99
2026-06-22 19:00:00,18.4,10609.0,10174.62,3.16,13.5,15.2,4.5,-5.3
2026-06-22 20:00:00,12.4,10521.0,10183.21,3.16,12.9,10.1,5.1,-11.3
2026-06-22 21:00:00,28.7,10376.0,10187.79,3.16,12.3,6.8,5.7,5.0
2026-06-22 22:00:00,18.89,10250.0,10190.75,3.16,10.6,5.1,7.4,-4.81
2026-06-22 23:00:00,12.25,10040.0,10188.58,3.16,9.7,3.2,8.3,-11.45
2026-06-23 01:00:00,19.71,9437.0,10166.5,3.15,8.6,6.6,9.4,-3.915
2026-06-23 02:00:00,22.33,9315.0,10155.08,3.15,8.0,6.8,10.0,-1.295
2026-06-23 03:00:00,24.09,9195.0,10146.33,3.15,7.2,5.6,10.8,0.465
2026-06-23 04:00:00,23.14,9134.0,10138.38,3.15,6.5,5.6,11.5,-0.485
2026-06-23 05:00:00,25.33,9180.0,10133.79,3.15,5.9,5.6,12.1,1.705
2026-06-23 06:00:00,25.94,9247.0,10130.79,3.15,5.5,4.7,12.5,2.315
2026-06-23 07:00:00,27.07,9538.0,10134.75,3.15,6.7,4.1,11.3,3.445
2026-06-23 08:00:00,25.99,9881.0,10141.25,3.15,9.4,1.9,8.6,2.365
2026-06-23 09:00:00,15.75,10039.0,10135.79,3.15,12.0,2.3,6.0,-7.875
2026-06-23 10:00:00,12.71,10135.0,10122.67,3.15,13.6,4.3,4.4,-10.915
2026-06-23 11:00:00,13.09,10276.0,10108.08,3.15,15.0,5.2,3.0,-10.535
2026-06-23 12:00:00,14.83,10390.0,10092.67,3.15,16.4,2.8,1.6,-8.795
2026-06-23 13:00:00,21.53,10492.0,10082.08,3.15,17.4,2.9,0.6,-2.095
2026-06-23 14:00:00,24.95,10557.0,10074.75,3.15,18.0,4.1,0.0,1.325
2026-06-23 15:00:00,26.2,10583.0,10069.79,3.15,18.5,3.8,0.0,2.575
2026-06-23 16:00:00,25.96,10617.0,10071.67,3.15,18.7,3.2,0.0,2.335
2026-06-23 17:00:00,25.42,10676.0,10076.54,3.15,18.9,4.9,0.0,1.795
2026-06-23 18:00:00,26.44,10736.0,10080.75,3.15,19.5,5.9,0.0,2.815
2026-06-23 19:00:00,30.82,10660.0,10078.5,3.15,19.1,7.1,0.0,7.195
2026-06-23 20:00:00,40.32,10666.0,10080.88,3.15,18.4,8.0,0.0,16.695
2026-06-23 21:00:00,644.53,10491.0,10079.62,3.15,16.9,6.9,1.1,620.905
2026-06-23 22:00:00,738.33,10312.0,10076.96,3.15,14.9,7.0,3.1,714.705
2026-06-23 23:00:00,372.75,10118.0,10071.46,3.15,13.8,7.4,4.2,349.125
2026-06-24 01:00:00,30.62,9650.0,10055.21,3.19,11.9,7.5,6.1,6.695
2026-06-24 02:00:00,27.47,9414.0,10054.25,3.19,11.0,5.8,7.0,3.545
2026-06-24 03:00:00,25.69,9274.0,10052.54,3.19,10.4,6.7,7.6,1.765
2026-06-24 04:00:00,22.93,9214.0,10053.33,3.19,9.8,6.8,8.2,-0.995
2026-06-24 05:00:00,20.77,9217.0,10056.79,3.19,9.4,5.7,8.6,-3.155
2026-06-24 06:00:00,19.4,9315.0,10062.42,3.19,9.1,4.1,8.9,-4.525
2026-06-24 07:00:00,18.47,9590.0,10076.71,3.19,10.4,6.6,7.6,-5.455
2026-06-24 08:00:00,17.24,10031.0,10097.25,3.19,11.7,5.1,6.3,-6.685
2026-06-24 09:00:00,22.24,10267.0,10113.33,3.19,13.7,5.6,4.3,-1.685
2026-06-24 10:00:00,22.03,10388.0,10127.88,3.19,15.9,7.7,2.1,-1.895
2026-06-24 11:00:00,22.93,10536.0,10144.58,3.19,18.0,12.2,0.0,-0.995
2026-06-24 12:00:00,24.85,10629.0,10159.29,3.19,19.9,13.9,0.0,0.925
2026-06-24 13:00:00,25.04,10692.0,10171.88,3.19,20.6,14.5,0.0,1.115
2026-06-24 14:00:00,27.24,10843.0,10186.5,3.19,21.2,13.9,0.0,3.315
2026-06-24 15:00:00,28.89,10912.0,10201.29,3.19,21.6,13.5,0.0,4.965
2026-06-24 16:00:00,32.34,11043.0,10220.46,3.19,21.9,13.1,0.0,8.415
2026-06-24 17:00:00,45.41,11174.0,10243.67,3.19,21.8,13.2,0.0,21.485
2026-06-24 18:00:00,57.48,11191.0,10265.12,3.19,22.2,13.3,0.0,33.555
2026-06-24 19:00:00,94.77,11137.0,10281.83,3.19,21.8,13.4,0.0,70.845
2026-06-24 20:00:00,129.92,11070.0,10298.92,3.19,20.8,12.3,0.0,105.995
2026-06-24 21:00:00,187.45,10870.0,10307.42,3.19,19.4,9.6,0.0,163.525
2026-06-24 22:00:00,27.8,10739.0,10317.75,3.19,17.5,8.5,0.5,3.875
2026-06-24 23:00:00,24.54,10559.0,10328.04,3.19,15.9,9.1,2.1,0.615
2026-06-25 01:00:00,4.88,10049.0,10325.17,3.21,13.8,9.3,4.2,-19.195
2026-06-25 02:00:00,0.25,9846.0,10333.33,3.21,13.0,9.4,5.0,-23.825
2026-06-25 03:00:00,0.0,9641.0,10342.79,3.21,12.5,10.0,5.5,-24.075
2026-06-25 04:00:00,1.09,9576.0,10355.38,3.21,11.9,9.7,6.1,-22.985
2026-06-25 05:00:00,2.92,9546.0,10369.21,3.21,11.3,8.8,6.7,-21.155
2026-06-25 06:00:00,2.08,9536.0,10382.5,3.21,10.8,8.3,7.2,-21.995
2026-06-25 07:00:00,11.26,9848.0,10404.71,3.21,11.3,7.4,6.7,-12.815
2026-06-25 08:00:00,16.56,10221.0,10431.0,3.21,12.5,5.9,5.5,-7.515
2026-06-25 09:00:00,24.32,10452.0,10448.54,3.21,14.4,6.5,3.6,0.245
2026-06-25 10:00:00,24.84,10636.0,10463.92,3.21,16.4,8.9,1.6,0.765
2026-06-25 11:00:00,24.16,10795.0,10480.88,3.21,18.9,11.7,0.0,0.085
2026-06-25 12:00:00,19.72,10939.0,10497.67,3.21,21.4,17.1,0.0,-4.355
2026-06-25 13:00:00,5.99,11037.0,10514.67,3.21,22.0,18.0,0.0,-18.085
2026-06-25 14:00:00,1.12,11191.0,10535.46,3.21,22.2,17.1,0.0,-22.955
2026-06-25 15:00:00,10.98,11180.0,10549.5,3.21,22.4,13.4,0.0,-13.095
2026-06-25 16:00:00,14.4,11168.0,10560.17,3.21,23.1,14.0,0.0,-9.675
2026-06-25 17:00:00,18.47,11204.0,10566.88,3.21,22.9,13.8,0.0,-5.605
2026-06-25 18:00:00,22.97,11263.0,10570.58,3.21,23.0,12.7,0.0,-1.105
2026-06-25 19:00:00,23.32,11183.0,10570.25,3.21,22.5,13.7,0.0,-0.755
2026-06-25 20:00:00,22.81,11141.0,10570.42,3.21,21.8,12.3,0.0,-1.265
2026-06-25 21:00:00,43.17,11062.0,10570.08,3.21,20.4,8.6,0.0,19.095
2026-06-25 22:00:00,18.06,10809.0,10567.54,3.21,18.4,4.5,0.0,-6.015
2026-06-25 23:00:00,5.52,10584.0,10561.08,3.21,17.2,3.9,0.8,-18.555
2026-06-26 01:00:00,11.39,9955.0,10535.92,3.26,15.0,7.0,3.0,-13.06
2026-06-26 02:00:00,12.24,9691.0,10521.0,3.26,13.9,7.6,4.1,-12.21
2026-06-26 03:00:00,12.33,9558.0,10509.0,3.26,13.6,6.9,4.4,-12.12
2026-06-26 04:00:00,12.56,9407.0,10499.25,3.26,13.1,6.4,4.9,-11.89
2026-06-26 05:00:00,12.16,9338.0,10489.33,3.26,12.6,6.4,5.4,-12.29
2026-06-26 06:00:00,12.67,9341.0,10480.79,3.26,12.1,7.2,5.9,-11.78
2026-06-26 07:00:00,14.48,9650.0,10485.54,3.26,12.6,6.4,5.4,-9.97
2026-06-26 08:00:00,21.07,10078.0,10495.12,3.26,13.6,5.2,4.4,-3.38
2026-06-26 09:00:00,24.01,10308.0,10498.75,3.26,15.0,4.8,3.0,-0.44
2026-06-26 10:00:00,24.72,10503.0,10500.88,3.26,17.3,6.4,0.7,0.27
2026-06-26 11:00:00,18.22,10704.0,10503.71,3.26,19.5,8.8,0.0,-6.23
2026-06-26 12:00:00,10.38,10853.0,10506.12,3.26,21.2,12.0,0.0,-14.07
2026-06-26 13:00:00,13.41,10922.0,10505.42,3.26,22.2,13.5,0.0,-11.04
2026-06-26 14:00:00,21.3,11047.0,10505.83,3.26,23.2,13.7,0.0,-3.15
2026-06-26 15:00:00,18.39,11115.0,10502.67,3.26,22.6,14.7,0.0,-6.06
2026-06-26 16:00:00,8.75,11060.0,10497.67,3.26,22.4,16.4,0.0,-15.7
2026-06-26 17:00:00,20.72,11033.0,10492.04,3.26,21.7,15.7,0.0,-3.73
2026-06-26 18:00:00,23.19,10962.0,10481.96,3.26,21.5,12.8,0.0,-1.26
2026-06-26 19:00:00,25.17,10836.0,10464.17,3.26,20.9,12.0,0.0,0.72
2026-06-26 20:00:00,20.47,10724.0,10445.04,3.26,20.1,11.6,0.0,-3.98
2026-06-26 21:00:00,23.81,10557.0,10420.71,3.26,19.5,6.6,0.0,-0.64
2026-06-26 22:00:00,20.94,10431.0,10394.42,3.26,18.6,7.1,0.0,-3.51
2026-06-26 23:00:00,23.09,10292.0,10372.88,3.26,17.7,5.1,0.3,-1.36
2026-06-27 01:00:00,13.76,9701.0,10336.08,3.26,16.0,5.4,2.0,-10.69
2026-06-27 02:00:00,12.93,9498.0,10317.04,3.26,14.7,4.1,3.3,-11.52
2026-06-27 03:00:00,11.57,9327.0,10301.88,3.26,14.2,2.2,3.8,-12.88
2026-06-27 04:00:00,9.19,9284.0,10290.46,3.26,13.7,6.1,4.3,-15.26
2026-06-27 05:00:00,8.67,9253.0,10284.04,3.26,13.0,9.8,5.0,-15.78
2026-06-27 06:00:00,0.98,9223.0,10279.25,3.26,13.0,7.6,5.0,-23.47
2026-06-27 07:00:00,1.26,9289.0,10277.08,3.26,12.9,10.5,5.1,-23.19
2026-06-27 08:00:00,3.25,9497.0,10270.71,3.26,13.1,12.2,4.9,-21.2
2026-06-27 09:00:00,0.69,9789.0,10258.67,3.26,14.1,11.0,3.9,-23.76
2026-06-27 10:00:00,11.21,10056.0,10248.17,3.26,15.7,18.4,2.3,-13.24
2026-06-27 11:00:00,19.51,10219.0,10236.33,3.26,16.4,20.8,1.6,-4.94
2026-06-27 12:00:00,12.0,10285.0,10218.88,3.26,15.4,14.8,2.6,-12.45
2026-06-27 13:00:00,8.52,10356.0,10198.17,3.26,16.6,14.7,1.4,-15.93
2026-06-27 14:00:00,10.5,10440.0,10178.08,3.26,18.1,15.6,0.0,-13.95
2026-06-27 15:00:00,17.42,10396.0,10150.96,3.26,18.5,15.1,0.0,-7.03
2026-06-27 16:00:00,20.05,10405.0,10121.38,3.26,17.8,14.4,0.2,-4.4
2026-06-27 17:00:00,17.97,10469.0,10096.75,3.26,18.3,16.1,0.0,-6.48
2026-06-27 18:00:00,14.59,10489.0,10074.08,3.26,17.1,16.0,0.9,-9.86
2026-06-27 19:00:00,9.98,10355.0,10048.79,3.26,16.6,14.5,1.4,-14.47
2026-06-27 20:00:00,11.66,10232.0,10023.62,3.26,16.2,12.5,1.8,-12.79
2026-06-27 21:00:00,9.48,10163.0,10000.25,3.26,15.8,11.4,2.2,-14.97
2026-06-27 22:00:00,6.51,10110.0,9981.62,3.26,14.3,10.2,3.7,-17.94
2026-06-27 23:00:00,0.01,10114.0,9968.42,3.26,13.6,11.4,4.4,-24.44
2026-06-28 01:00:00,12.46,9634.0,9941.0,3.26,12.4,13.2,5.6,-11.99
2026-06-28 02:00:00,14.77,9513.0,9933.17,3.26,11.8,13.7,6.2,-9.68
2026-06-28 03:00:00,7.03,9381.0,9928.29,3.26,11.4,13.7,6.6,-17.42
2026-06-28 04:00:00,0.0,9367.0,9929.96,3.26,11.3,14.1,6.7,-24.45
2026-06-28 05:00:00,0.0,9297.0,9930.5,3.26,11.3,16.0,6.7,-24.45
2026-06-28 06:00:00,0.0,9244.0,9930.12,3.26,11.8,18.9,6.2,-24.45
2026-06-28 07:00:00,0.0,9291.0,9932.96,3.26,12.6,20.5,5.4,-24.45
2026-06-28 08:00:00,0.0,9409.0,9937.96,3.26,13.2,17.9,4.8,-24.45
2026-06-28 09:00:00,0.0,9674.0,9945.33,3.26,13.7,20.5,4.3,-24.45
2026-06-28 10:00:00,0.0,9950.0,9952.04,3.26,14.8,26.5,3.2,-24.45
2026-06-28 11:00:00,0.0,10182.0,9957.29,3.26,13.0,29.7,5.0,-24.45
2026-06-28 12:00:00,0.0,10431.0,9966.12,3.26,11.8,31.5,6.2,-24.45
2026-06-28 13:00:00,0.0,10608.0,9979.58,3.26,11.7,30.6,6.3,-24.45
2026-06-28 14:00:00,0.0,10677.0,9992.96,3.26,12.1,31.7,5.9,-24.45
2026-06-28 15:00:00,0.0,10635.0,10001.08,3.26,12.4,24.4,5.6,-24.45
2026-06-28 16:00:00,0.0,10704.0,10013.92,3.26,13.8,24.2,4.2,-24.45
2026-06-28 17:00:00,0.0,10713.0,10026.75,3.26,14.0,25.6,4.0,-24.45
2026-06-28 18:00:00,0.0,10713.0,10036.92,3.26,14.5,26.1,3.5,-24.45
2026-06-28 19:00:00,0.0,10668.0,10044.38,3.26,14.3,28.3,3.7,-24.45
2026-06-28 20:00:00,0.0,10582.0,10053.83,3.26,14.1,27.1,3.9,-24.45
2026-06-28 21:00:00,0.0,10493.0,10064.71,3.26,14.2,25.1,3.8,-24.45
2026-06-28 22:00:00,0.0,10309.0,10070.79,3.26,13.8,24.4,4.2,-24.45
2026-06-28 23:00:00,0.0,10160.0,10072.88,3.26,13.6,25.1,4.4,-24.45
2026-06-29 01:00:00,0.0,9546.0,10049.21,3.33,13.3,22.0,4.7,-24.975
2026-06-29 02:00:00,0.0,9343.0,10037.08,3.33,13.2,23.4,4.8,-24.975
2026-06-29 03:00:00,0.0,9260.0,10026.54,3.33,13.0,23.2,5.0,-24.975
2026-06-29 04:00:00,0.0,9260.0,10021.5,3.33,12.9,23.9,5.1,-24.975
2026-06-29 05:00:00,0.0,9270.0,10017.46,3.33,13.0,24.3,5.0,-24.975
2026-06-29 06:00:00,0.0,9388.0,10021.25,3.33,13.4,23.3,4.6,-24.975
2026-06-29 07:00:00,0.0,9697.0,10040.12,3.33,13.4,19.4,4.6,-24.975
2026-06-29 08:00:00,0.52,10065.0,10072.38,3.33,13.3,21.6,4.7,-24.455
2026-06-29 09:00:00,10.51,10362.0,10112.08,3.33,14.1,25.2,3.9,-14.465
2026-06-29 10:00:00,15.05,10581.0,10149.88,3.33,15.0,21.9,3.0,-9.925
2026-06-29 11:00:00,11.54,10742.0,10182.88,3.33,14.8,18.8,3.2,-13.435
2026-06-29 12:00:00,9.88,10849.0,10210.67,3.33,16.8,22.8,1.2,-15.095
2026-06-29 13:00:00,2.82,10907.0,10230.5,3.33,16.5,21.8,1.5,-22.155
2026-06-29 14:00:00,17.32,10954.0,10244.92,3.33,18.3,20.1,0.0,-7.655
2026-06-29 15:00:00,17.66,11032.0,10259.71,3.33,20.0,22.7,0.0,-7.315
2026-06-29 16:00:00,11.92,11118.0,10279.83,3.33,19.6,22.7,0.0,-13.055
2026-06-29 17:00:00,0.01,11130.0,10297.58,3.33,19.6,21.4,0.0,-24.965
2026-06-29 18:00:00,3.88,11061.0,10312.08,3.33,20.0,18.6,0.0,-21.095
2026-06-29 19:00:00,12.33,10892.0,10319.54,3.33,19.4,16.9,0.0,-12.645
2026-06-29 20:00:00,54.39,10846.0,10326.96,3.33,18.6,13.2,0.0,29.415
2026-06-29 21:00:00,19.18,10713.0,10332.42,3.33,17.4,10.4,0.6,-5.795
2026-06-29 22:00:00,20.05,10559.0,10335.17,3.33,15.7,8.6,2.3,-4.925
2026-06-29 23:00:00,19.01,10406.0,10339.21,3.33,14.9,10.0,3.1,-5.965
2026-06-30 01:00:00,8.57,9717.0,10320.75,3.34,12.8,9.3,5.2,-16.48
2026-06-30 02:00:00,0.01,9500.0,10318.83,3.34,12.4,9.7,5.6,-25.04
2026-06-30 03:00:00,0.0,9348.0,10319.04,3.34,12.3,7.7,5.7,-25.05
2026-06-30 04:00:00,0.0,9228.0,10317.71,3.34,11.2,12.9,6.8,-25.05
2026-06-30 05:00:00,0.0,9191.0,10314.83,3.34,11.1,13.9,6.9,-25.05
2026-06-30 06:00:00,0.0,9277.0,10315.12,3.34,11.4,12.5,6.6,-25.05
2026-06-30 07:00:00,0.01,9573.0,10322.83,3.34,12.9,10.1,5.1,-25.04
2026-06-30 08:00:00,8.49,9936.0,10332.79,3.34,14.7,6.9,3.3,-16.56
2026-06-30 09:00:00,11.8,10169.0,10337.12,3.34,16.6,8.1,1.4,-13.25
2026-06-30 10:00:00,13.12,10398.0,10338.62,3.34,18.2,11.2,0.0,-11.93
2026-06-30 11:00:00,6.49,10570.0,10338.17,3.34,18.7,10.5,0.0,-18.56
2026-06-30 12:00:00,0.0,10743.0,10338.21,3.34,18.3,7.7,0.0,-25.05
2026-06-30 13:00:00,5.49,10860.0,10338.67,3.34,17.8,9.5,0.2,-19.56
2026-06-30 14:00:00,15.24,10942.0,10340.12,3.34,19.2,6.1,0.0,-9.81
2026-06-30 15:00:00,20.45,10918.0,10338.62,3.34,19.7,5.8,0.0,-4.6
2026-06-30 16:00:00,15.87,10903.0,10333.25,3.34,20.2,4.0,0.0,-9.18
2026-06-30 17:00:00,12.36,10963.0,10326.79,3.34,20.1,2.4,0.0,-12.69
2026-06-30 18:00:00,15.57,10942.0,10318.96,3.34,18.7,5.5,0.0,-9.48
2026-06-30 19:00:00,18.35,10814.0,10308.67,3.34,16.8,7.9,1.2,-6.7
2026-06-30 20:00:00,21.0,10759.0,10303.12,3.34,16.8,4.3,1.2,-4.05
2026-06-30 21:00:00,24.71,10652.0,10295.04,3.34,16.4,2.7,1.6,-0.34
2026-06-30 22:00:00,24.6,10542.0,10287.92,3.34,15.1,2.3,2.9,-0.45
2026-06-30 23:00:00,24.45,10398.0,10281.21,3.34,14.6,1.5,3.4,-0.6
2026-07-01 01:00:00,19.59,9760.0,10254.29,3.34,13.2,1.7,4.8,-5.46
2026-07-01 02:00:00,12.75,9516.0,10245.92,3.34,12.8,2.7,5.2,-12.3
2026-07-01 03:00:00,11.8,9334.0,10239.0,3.34,12.5,4.8,5.5,-13.25
2026-07-01 04:00:00,10.98,9252.0,10235.0,3.34,12.0,7.3,6.0,-14.07
2026-07-01 05:00:00,10.64,9214.0,10234.42,3.34,11.5,6.5,6.5,-14.41
2026-07-01 06:00:00,8.06,9135.0,10232.08,3.34,10.9,1.7,7.1,-16.99
2026-07-01 07:00:00,6.88,9259.0,10231.33,3.34,11.6,4.4,6.4,-18.17
2026-07-01 08:00:00,2.47,9426.0,10225.21,3.34,13.2,4.0,4.8,-22.58
2026-07-01 09:00:00,0.02,9675.0,10214.33,3.34,14.9,2.0,3.1,-25.03
2026-07-01 10:00:00,0.01,9922.0,10204.04,3.34,16.6,0.7,1.4,-25.04
2026-07-01 11:00:00,0.01,10071.0,10190.42,3.34,18.1,1.1,0.0,-25.04
2026-07-01 12:00:00,0.67,10235.0,10176.46,3.34,18.9,1.8,0.0,-24.38
2026-07-01 13:00:00,5.49,10284.0,10157.33,3.34,19.5,5.8,0.0,-19.56
2026-07-01 14:00:00,7.44,10384.0,10137.5,3.34,20.2,8.2,0.0,-17.61
2026-07-01 15:00:00,6.24,10329.0,10111.96,3.34,20.5,10.9,0.0,-18.81
2026-07-01 16:00:00,4.34,10328.0,10087.38,3.34,20.5,5.4,0.0,-20.71
2026-07-01 17:00:00,12.9,10502.0,10070.67,3.34,16.2,11.1,1.8,-12.15
2026-07-01 18:00:00,16.17,10651.0,10057.67,3.34,18.8,4.0,0.0,-8.88
2026-07-01 19:00:00,19.77,10598.0,10043.33,3.34,18.1,4.9,0.0,-5.28
2026-07-01 20:00:00,16.32,10530.0,10031.5,3.34,17.5,7.7,0.5,-8.73
2026-07-01 21:00:00,17.39,10425.0,10017.58,3.34,16.7,2.7,1.3,-7.66
2026-07-01 22:00:00,16.48,10251.0,10000.88,3.34,15.4,2.5,2.6,-8.57
2026-07-01 23:00:00,15.05,10054.0,9980.54,3.34,12.7,11.4,5.3,-10.0
2026-07-02 01:00:00,14.08,9528.0,9944.29,3.34,13.0,9.1,5.0,-10.97
2026-07-02 02:00:00,10.3,9355.0,9927.42,3.34,12.3,7.8,5.7,-14.75
2026-07-02 03:00:00,9.93,9214.0,9914.83,3.34,11.7,7.3,6.3,-15.12
2026-07-02 04:00:00,12.81,9157.0,9907.46,3.34,11.0,7.3,7.0,-12.24
2026-07-02 05:00:00,14.63,9184.0,9904.62,3.34,10.6,7.8,7.4,-10.42
2026-07-02 06:00:00,11.21,9184.0,9903.38,3.34,9.9,9.8,8.1,-13.84
2026-07-02 07:00:00,10.82,9369.0,9913.12,3.34,10.9,8.7,7.1,-14.23
2026-07-02 08:00:00,10.89,9749.0,9933.54,3.34,12.4,5.1,5.6,-14.16
2026-07-02 09:00:00,10.89,9944.0,9955.12,3.34,14.3,3.5,3.7,-14.16
2026-07-02 10:00:00,10.82,10074.0,9971.75,3.34,15.8,2.5,2.2,-14.23
2026-07-02 11:00:00,11.13,10275.0,9986.46,3.34,17.0,1.7,1.0,-13.92
2026-07-02 12:00:00,12.66,10338.0,9997.58,3.34,18.3,0.7,0.0,-12.39
2026-07-02 13:00:00,14.92,10484.0,10007.96,3.34,19.4,1.5,0.0,-10.13
2026-07-02 14:00:00,18.66,10686.0,10024.71,3.34,19.7,4.2,0.0,-6.39
2026-07-02 15:00:00,16.6,10719.0,10038.67,3.34,16.7,10.1,1.3,-8.45
2026-07-02 16:00:00,14.91,10732.0,10055.46,3.34,17.7,7.0,0.3,-10.14
2026-07-02 17:00:00,14.99,10816.0,10075.79,3.34,18.2,9.6,0.0,-10.06
2026-07-02 18:00:00,15.0,10847.0,10090.17,3.34,19.2,11.3,0.0,-10.05
2026-07-02 19:00:00,17.04,10839.0,10098.0,3.34,19.0,13.4,0.0,-8.01
2026-07-02 20:00:00,21.92,10835.0,10107.88,3.34,18.6,10.7,0.0,-3.13
2026-07-02 21:00:00,46.06,10810.0,10119.54,3.34,17.5,9.4,0.5,21.01
2026-07-02 22:00:00,75.35,10620.0,10127.67,3.34,16.0,8.0,2.0,50.3
2026-07-02 23:00:00,25.67,10424.0,10134.88,3.34,15.2,8.7,2.8,0.62
2026-07-03 01:00:00,13.7,9714.0,10120.71,3.34,13.6,7.1,4.4,-11.35
2026-07-03 02:00:00,0.57,9465.0,10118.08,3.34,12.9,6.7,5.1,-24.48
2026-07-03 03:00:00,0.0,9329.0,10117.0,3.34,12.6,8.5,5.4,-25.05
2026-07-03 04:00:00,0.0,9268.0,10119.25,3.34,12.6,12.8,5.4,-25.05
2026-07-03 05:00:00,0.02,9278.0,10124.29,3.34,12.9,15.0,5.1,-25.03
2026-07-03 06:00:00,9.46,9302.0,10129.21,3.34,13.0,11.3,5.0,-15.59
2026-07-03 07:00:00,6.43,9543.0,10144.17,3.34,14.0,12.6,4.0,-18.62
2026-07-03 08:00:00,0.0,9925.0,10167.33,3.34,15.8,13.3,2.2,-25.05
2026-07-03 09:00:00,0.0,10153.0,10184.17,3.34,17.3,12.9,0.7,-25.05
2026-07-03 10:00:00,0.0,10353.0,10201.21,3.34,18.3,15.0,0.0,-25.05
2026-07-03 11:00:00,0.0,10410.0,10215.21,3.34,19.0,14.1,0.0,-25.05
2026-07-03 12:00:00,0.0,10532.0,10225.92,3.34,19.7,8.1,0.0,-25.05
2026-07-03 13:00:00,0.01,10654.0,10239.08,3.34,19.5,6.5,0.0,-25.04
2026-07-03 14:00:00,0.01,10690.0,10247.67,3.34,19.5,7.2,0.0,-25.04
2026-07-03 15:00:00,3.66,10644.0,10245.92,3.34,19.8,6.4,0.0,-21.39
2026-07-03 16:00:00,0.0,10603.0,10241.08,3.34,19.9,7.2,0.0,-25.05
2026-07-03 17:00:00,1.3,10703.0,10239.88,3.34,19.8,7.2,0.0,-23.75
2026-07-03 18:00:00,1.26,10743.0,10236.83,3.34,20.8,7.8,0.0,-23.79
2026-07-03 19:00:00,7.3,10632.0,10227.88,3.34,20.5,7.0,0.0,-17.75
2026-07-03 20:00:00,14.29,10659.0,10220.38,3.34,19.8,6.1,0.0,-10.76
2026-07-03 21:00:00,21.75,10571.0,10209.38,3.34,18.0,6.7,0.0,-3.3
2026-07-03 22:00:00,24.07,10375.0,10191.25,3.34,15.9,6.0,2.1,-0.98
2026-07-03 23:00:00,19.79,10246.0,10175.67,3.34,15.0,5.6,3.0,-5.26
2026-07-04 01:00:00,20.41,9791.0,10149.29,3.34,13.8,1.3,4.2,-4.64
2026-07-04 02:00:00,19.83,9618.0,10145.29,3.34,13.2,2.4,4.8,-5.22
2026-07-04 03:00:00,19.45,9481.0,10145.96,3.34,13.2,1.1,4.8,-5.6
2026-07-04 04:00:00,17.93,9370.0,10147.67,3.34,13.0,2.0,5.0,-7.12
2026-07-04 05:00:00,20.96,9254.0,10147.08,3.34,12.8,4.0,5.2,-4.09
2026-07-04 06:00:00,15.2,9061.0,10138.04,3.34,12.6,3.2,5.4,-9.85
2026-07-04 07:00:00,10.09,9104.0,10129.79,3.34,13.5,5.8,4.5,-14.96
2026-07-04 08:00:00,8.94,9373.0,10122.71,3.34,14.0,4.4,4.0,-16.11
2026-07-04 09:00:00,5.24,9677.0,10112.38,3.34,15.8,3.2,2.2,-19.81
2026-07-04 10:00:00,9.76,9961.0,10104.38,3.34,19.0,3.3,0.0,-15.29
2026-07-04 11:00:00,2.73,10190.0,10097.58,3.34,20.9,6.7,0.0,-22.32
2026-07-04 12:00:00,1.01,10313.0,10093.54,3.34,22.1,5.8,0.0,-24.04
2026-07-04 13:00:00,0.02,10390.0,10087.62,3.34,22.5,3.6,0.0,-25.03
2026-07-04 14:00:00,1.4,10377.0,10076.08,3.34,22.6,1.4,0.0,-23.65
2026-07-04 15:00:00,0.0,10353.0,10062.04,3.34,23.0,6.5,0.0,-25.05
2026-07-04 16:00:00,0.36,10381.0,10051.08,3.34,23.6,7.2,0.0,-24.69
2026-07-04 17:00:00,2.74,10458.0,10045.04,3.34,21.7,5.7,0.0,-22.31
2026-07-04 18:00:00,9.21,10619.0,10041.54,3.34,23.7,8.6,0.0,-15.84
2026-07-04 19:00:00,6.75,10597.0,10035.46,3.34,22.7,5.2,0.0,-18.3
2026-07-04 20:00:00,0.84,10524.0,10030.96,3.34,22.4,2.2,0.0,-24.21
2026-07-04 21:00:00,6.53,10441.0,10021.88,3.34,17.8,19.8,0.2,-18.52
2026-07-04 22:00:00,0.0,10343.0,10012.38,3.34,13.9,22.2,4.1,-25.05
2026-07-04 23:00:00,0.0,10225.0,10006.12,3.34,12.7,17.2,5.3,-25.05
2026-07-05 01:00:00,0.0,9559.0,9977.5,3.34,11.1,6.4,6.9,-25.05
2026-07-05 02:00:00,0.0,9349.0,9959.08,3.34,11.0,6.9,7.0,-25.05
2026-07-05 03:00:00,4.39,9238.0,9943.25,3.34,10.8,7.1,7.2,-20.66
2026-07-05 04:00:00,12.92,9177.0,9930.58,3.34,11.0,6.0,7.0,-12.13
2026-07-05 05:00:00,23.67,9160.0,9921.83,3.34,10.7,5.8,7.3,-1.38
2026-07-05 06:00:00,23.42,9105.0,9915.62,3.34,10.0,1.5,8.0,-1.63
2026-07-05 07:00:00,18.32,9141.0,9918.96,3.34,11.0,0.5,7.0,-6.73
2026-07-05 08:00:00,9.84,9254.0,9925.21,3.34,12.6,1.8,5.4,-15.21
2026-07-05 09:00:00,9.8,9417.0,9927.04,3.34,13.8,4.3,4.2,-15.25
2026-07-05 10:00:00,10.18,9618.0,9924.58,3.34,14.5,7.3,3.5,-14.87
2026-07-05 11:00:00,10.4,9754.0,9915.96,3.34,15.1,9.3,2.9,-14.65
2026-07-05 12:00:00,10.21,9857.0,9902.08,3.34,15.3,10.9,2.7,-14.84
2026-07-05 13:00:00,13.5,10005.0,9889.25,3.34,15.2,8.3,2.8,-11.55
2026-07-05 14:00:00,18.96,10101.0,9877.21,3.34,16.1,9.0,1.9,-6.09
2026-07-05 15:00:00,19.56,10138.0,9867.25,3.34,15.3,7.0,2.7,-5.49
2026-07-05 16:00:00,22.24,10201.0,9860.92,3.34,16.5,5.2,1.5,-2.81
2026-07-05 17:00:00,26.05,10356.0,9859.88,3.34,13.0,13.2,5.0,1.0
2026-07-05 18:00:00,16.27,10437.0,9859.0,3.34,13.2,18.8,4.8,-8.78
2026-07-05 19:00:00,8.71,10377.0,9848.92,3.34,13.0,8.4,5.0,-16.34
2026-07-05 20:00:00,0.01,10328.0,9837.71,3.34,13.4,7.2,4.6,-25.04
2026-07-05 21:00:00,0.0,10239.0,9825.83,3.34,12.9,6.6,5.1,-25.05
2026-07-05 22:00:00,6.81,10059.0,9809.92,3.34,11.7,7.8,6.3,-18.24
2026-07-05 23:00:00,18.82,9943.0,9793.25,3.34,11.0,8.7,7.0,-6.23
2026-07-06 01:00:00,20.11,9545.0,9764.92,3.29,9.4,7.3,8.6,-4.565
2026-07-06 02:00:00,11.74,9331.0,9755.42,3.29,8.8,7.3,9.2,-12.935
2026-07-06 03:00:00,11.6,9260.0,9751.71,3.29,8.4,7.7,9.6,-13.075
2026-07-06 04:00:00,11.72,9253.0,9752.33,3.29,8.0,6.9,10.0,-12.955
2026-07-06 05:00:00,15.59,9264.0,9755.96,3.29,7.3,6.1,10.7,-9.085
2026-07-06 06:00:00,23.59,9329.0,9763.0,3.29,6.6,7.2,11.4,-1.085
2026-07-06 07:00:00,25.12,9562.0,9782.04,3.29,7.8,5.9,10.2,0.445
2026-07-06 08:00:00,23.74,9929.0,9814.88,3.29,10.3,3.6,7.7,-0.935
2026-07-06 09:00:00,21.12,10149.0,9852.17,3.29,13.0,3.6,5.0,-3.555
2026-07-06 10:00:00,21.89,10351.0,9891.08,3.29,14.9,6.5,3.1,-2.785
2026-07-06 11:00:00,20.19,10475.0,9926.79,3.29,16.3,9.6,1.7,-4.485
2026-07-06 12:00:00,20.74,10584.0,9961.38,3.29,17.8,12.8,0.2,-3.935
2026-07-06 13:00:00,23.16,10683.0,9995.79,3.29,18.6,14.3,0.0,-1.515
2026-07-06 14:00:00,25.31,10760.0,10027.25,3.29,19.1,16.2,0.0,0.635
2026-07-06 15:00:00,25.53,10847.0,10058.33,3.29,19.5,16.7,0.0,0.855
2026-07-06 16:00:00,25.15,10908.0,10090.42,3.29,19.7,17.0,0.0,0.475
2026-07-06 17:00:00,24.25,11013.0,10124.25,3.29,19.7,16.9,0.0,-0.425
2026-07-06 18:00:00,24.42,11061.0,10153.62,3.29,19.8,17.2,0.0,-0.255
2026-07-06 19:00:00,24.42,11010.0,10177.5,3.29,19.2,16.7,0.0,-0.255
2026-07-06 20:00:00,36.31,10969.0,10202.17,3.29,18.5,14.1,0.0,11.635
2026-07-06 21:00:00,53.22,10886.0,10225.42,3.29,17.3,12.0,0.7,28.545
2026-07-06 22:00:00,29.91,10713.0,10245.17,3.29,15.9,11.3,2.1,5.235
2026-07-06 23:00:00,25.91,10515.0,10264.17,3.29,14.9,11.2,3.1,1.235
2026-07-07 01:00:00,5.11,9895.0,10262.17,3.13,13.1,9.3,4.9,-18.365
2026-07-07 02:00:00,0.01,9679.0,10267.75,3.13,12.5,8.7,5.5,-23.465
2026-07-07 03:00:00,0.01,9584.0,10278.29,3.13,11.9,7.9,6.1,-23.465
2026-07-07 04:00:00,4.1,9510.0,10288.71,3.13,11.5,6.9,6.5,-19.375
2026-07-07 05:00:00,9.71,9481.0,10298.21,3.13,11.1,6.2,6.9,-13.765
2026-07-07 06:00:00,10.53,9512.0,10308.54,3.13,10.6,3.6,7.4,-12.945
2026-07-07 07:00:00,5.49,9753.0,10326.21,3.13,11.6,5.1,6.4,-17.985
2026-07-07 08:00:00,0.02,10196.0,10352.62,3.13,12.7,4.3,5.3,-23.455
2026-07-07 09:00:00,7.65,10432.0,10373.58,3.13,14.6,5.4,3.4,-15.825
2026-07-07 10:00:00,15.44,10631.0,10393.67,3.13,16.7,6.8,1.3,-8.035
2026-07-07 11:00:00,22.47,10800.0,10412.38,3.13,18.9,9.0,0.0,-1.005
2026-07-07 12:00:00,19.91,10961.0,10432.62,3.13,21.1,12.1,0.0,-3.565
2026-07-07 13:00:00,16.52,11090.0,10453.71,3.13,22.4,13.5,0.0,-6.955
2026-07-07 14:00:00,10.89,11151.0,10473.21,3.13,23.0,14.1,0.0,-12.585
2026-07-07 15:00:00,16.98,11266.0,10494.29,3.13,23.3,14.8,0.0,-6.495
2026-07-07 16:00:00,25.63,11341.0,10514.88,3.13,23.6,15.3,0.0,2.155
2026-07-07 17:00:00,29.02,11489.0,10539.08,3.13,23.5,15.4,0.0,5.545
2026-07-07 18:00:00,28.52,11610.0,10563.96,3.13,24.1,15.5,0.0,5.045
2026-07-07 19:00:00,28.73,11506.0,10582.5,3.13,23.7,15.2,0.0,5.255
2026-07-07 20:00:00,37.67,11434.0,10600.17,3.13,22.7,12.7,0.0,14.195
2026-07-07 21:00:00,32.54,11352.0,10616.12,3.13,21.0,12.1,0.0,9.065
2026-07-07 22:00:00,20.2,11130.0,10626.29,3.13,19.3,12.7,0.0,-3.275
2026-07-07 23:00:00,7.24,10921.0,10634.96,3.13,18.2,13.2,0.0,-16.235
2026-07-08 01:00:00,0.0,10201.0,10621.88,3.13,16.4,10.5,1.6,-23.475
2026-07-08 02:00:00,0.0,9969.0,10624.96,3.13,15.3,8.9,2.7,-23.475
2026-07-08 03:00:00,0.0,9743.0,10627.62,3.13,14.6,7.4,3.4,-23.475
2026-07-08 04:00:00,0.01,9608.0,10628.62,3.13,14.2,7.4,3.8,-23.465
2026-07-08 05:00:00,0.01,9593.0,10632.08,3.13,13.4,5.6,4.6,-23.465
2026-07-08 06:00:00,0.94,9616.0,10637.71,3.13,12.7,7.7,5.3,-22.535
2026-07-08 07:00:00,3.68,9902.0,10653.96,3.13,12.6,9.3,5.4,-19.795
2026-07-08 08:00:00,2.16,10333.0,10678.12,3.13,14.6,8.3,3.4,-21.315
2026-07-08 09:00:00,5.35,10628.0,10696.12,3.13,17.9,6.3,0.1,-18.125
2026-07-08 10:00:00,7.56,10799.0,10711.42,3.13,21.4,5.1,0.0,-15.915
2026-07-08 11:00:00,12.77,10999.0,10726.75,3.13,24.7,7.4,0.0,-10.705
2026-07-08 12:00:00,19.95,11195.0,10743.21,3.13,23.5,8.8,0.0,-3.525
2026-07-08 13:00:00,23.66,11235.0,10754.62,3.13,26.2,5.0,0.0,0.185
2026-07-08 14:00:00,25.44,11362.0,10765.96,3.13,27.5,3.5,0.0,1.965
2026-07-08 15:00:00,23.29,11475.0,10779.46,3.13,21.6,11.7,0.0,-0.185
2026-07-08 16:00:00,14.84,11549.0,10791.25,3.13,23.2,5.0,0.0,-8.635
2026-07-08 17:00:00,15.0,11492.0,10797.54,3.13,23.6,2.3,0.0,-8.475
2026-07-08 18:00:00,11.45,11446.0,10795.75,3.13,24.2,11.5,0.0,-12.025
2026-07-08 19:00:00,7.05,11332.0,10784.17,3.13,22.0,13.0,0.0,-16.425
2026-07-08 20:00:00,17.16,11241.0,10773.12,3.13,21.8,16.8,0.0,-6.315
2026-07-08 21:00:00,16.15,11146.0,10761.12,3.13,19.9,10.4,0.0,-7.325
2026-07-08 22:00:00,12.95,10845.0,10740.0,3.13,18.3,8.5,0.0,-10.525
2026-07-08 23:00:00,1.3,10565.0,10716.46,3.13,17.5,11.4,0.5,-22.175
2026-07-09 01:00:00,0.0,9925.0,10674.96,3.17,15.2,5.8,2.8,-23.775
2026-07-09 02:00:00,5.3,9662.0,10652.5,3.17,14.3,4.8,3.7,-18.475
2026-07-09 03:00:00,14.64,9485.0,10632.33,3.17,13.4,2.4,4.6,-9.135
2026-07-09 04:00:00,18.88,9497.0,10622.08,3.17,13.1,0.8,4.9,-4.895
2026-07-09 05:00:00,20.76,9520.0,10618.42,3.17,12.9,4.2,5.1,-3.015
2026-07-09 06:00:00,20.18,9601.0,10618.75,3.17,13.6,5.0,4.4,-3.595
2026-07-09 07:00:00,24.38,9890.0,10630.17,3.17,14.4,5.2,3.6,0.605
2026-07-09 08:00:00,24.22,10240.0,10644.25,3.17,15.2,8.5,2.8,0.445
2026-07-09 09:00:00,20.31,10446.0,10648.96,3.17,16.4,10.3,1.6,-3.465
2026-07-09 10:00:00,15.51,10571.0,10646.58,3.17,17.6,9.6,0.4,-8.265
2026-07-09 11:00:00,12.22,10657.0,10640.67,3.17,18.9,7.7,0.0,-11.555
2026-07-09 12:00:00,12.62,10743.0,10630.0,3.17,20.4,7.9,0.0,-11.155
2026-07-09 13:00:00,14.04,10799.0,10613.5,3.17,22.7,5.1,0.0,-9.735
2026-07-09 14:00:00,14.48,10869.0,10598.25,3.17,23.7,4.3,0.0,-9.295
2026-07-09 15:00:00,18.93,11028.0,10584.33,3.17,24.4,4.6,0.0,-4.845
2026-07-09 16:00:00,24.02,11185.0,10572.25,3.17,20.6,8.9,0.0,0.245
2026-07-09 17:00:00,24.93,11381.0,10565.25,3.17,21.4,13.4,0.0,1.155
2026-07-09 18:00:00,33.7,11525.0,10566.62,3.17,24.9,5.6,0.0,9.925
2026-07-09 19:00:00,28.57,11471.0,10567.67,3.17,23.1,10.9,0.0,4.795
2026-07-09 20:00:00,26.35,11357.0,10568.71,3.17,21.2,9.7,0.0,2.575
2026-07-09 21:00:00,26.22,11207.0,10567.29,3.17,20.0,10.7,0.0,2.445
2026-07-09 22:00:00,21.76,11027.0,10562.33,3.17,18.8,10.2,0.0,-2.015
2026-07-09 23:00:00,16.09,10879.0,10563.75,3.17,17.7,8.7,0.3,-7.685
2026-07-10 01:00:00,1.59,10206.0,10548.79,2.73,16.1,7.4,1.9,-18.885
2026-07-10 02:00:00,0.0,9931.0,10549.04,2.73,14.9,3.4,3.1,-20.475
2026-07-10 03:00:00,0.0,9715.0,10551.25,2.73,14.6,1.3,3.4,-20.475
2026-07-10 04:00:00,5.63,9634.0,10557.46,2.73,14.5,0.4,3.5,-14.845
2026-07-10 05:00:00,4.08,9651.0,10563.88,2.73,14.2,1.3,3.8,-16.395
2026-07-10 06:00:00,10.05,9718.0,10572.12,2.73,13.3,4.2,4.7,-10.425
2026-07-10 07:00:00,0.02,9981.0,10587.96,2.73,14.3,6.0,3.7,-20.455
2026-07-10 08:00:00,0.02,10390.0,10608.79,2.73,16.3,5.8,1.7,-20.455
2026-07-10 09:00:00,11.97,10705.0,10628.17,2.73,18.5,5.3,0.0,-8.505
2026-07-10 10:00:00,14.98,10883.0,10646.38,2.73,21.2,5.3,0.0,-5.495
2026-07-10 11:00:00,14.54,11056.0,10666.58,2.73,23.1,2.9,0.0,-5.935
2026-07-10 12:00:00,10.9,11185.0,10688.58,2.73,24.3,3.6,0.0,-9.575
2026-07-10 13:00:00,10.76,11233.0,10709.0,2.73,25.1,3.8,0.0,-9.715
2026-07-10 14:00:00,13.64,11283.0,10729.17,2.73,25.7,3.5,0.0,-6.835
2026-07-10 15:00:00,16.37,11391.0,10750.92,2.73,26.5,3.6,0.0,-4.105
2026-07-10 16:00:00,22.17,11501.0,10770.62,2.73,26.9,6.3,0.0,1.695
2026-07-10 17:00:00,25.57,11566.0,10786.5,2.73,26.5,12.0,0.0,5.095
2026-07-10 18:00:00,28.69,11658.0,10798.04,2.73,26.2,10.6,0.0,8.215
2026-07-10 19:00:00,33.07,11571.0,10799.96,2.73,25.9,6.5,0.0,12.595
2026-07-10 20:00:00,80.28,11405.0,10797.21,2.73,25.3,2.7,0.0,59.805
2026-07-10 21:00:00,281.28,11134.0,10787.92,2.73,22.9,7.2,0.0,260.805
2026-07-10 22:00:00,73.21,10932.0,10776.46,2.73,20.5,6.3,0.0,52.735
2026-07-10 23:00:00,25.22,10752.0,10765.0,2.73,19.3,4.2,0.0,4.745
2026-07-11 01:00:00,18.29,10045.0,10730.25,2.73,17.7,3.3,0.3,-2.185
2026-07-11 02:00:00,12.74,9756.0,10711.5,2.73,17.1,1.0,0.9,-7.735
2026-07-11 03:00:00,0.69,9586.0,10697.12,2.73,16.0,2.7,2.0,-19.785
2026-07-11 04:00:00,0.0,9511.0,10688.62,2.73,14.7,4.7,3.3,-20.475
2026-07-11 05:00:00,0.01,9472.0,10681.88,2.73,13.6,7.2,4.4,-20.465
2026-07-11 06:00:00,1.72,9443.0,10673.21,2.73,12.6,7.0,5.4,-18.755
2026-07-11 07:00:00,1.21,9469.0,10662.83,2.73,13.3,7.9,4.7,-19.265
2026-07-11 08:00:00,10.46,9674.0,10650.04,2.73,16.2,6.7,1.8,-10.015
2026-07-11 09:00:00,19.16,9907.0,10629.92,2.73,20.1,6.4,0.0,-1.315
2026-07-11 10:00:00,20.57,10158.0,10607.12,2.73,23.8,10.3,0.0,0.095
2026-07-11 11:00:00,17.88,10405.0,10587.21,2.73,25.8,14.6,0.0,-2.595
2026-07-11 12:00:00,16.09,10610.0,10568.62,2.73,26.5,17.7,0.0,-4.385
2026-07-11 13:00:00,16.13,10802.0,10552.67,2.73,28.1,15.7,0.0,-4.345
2026-07-11 14:00:00,12.27,10934.0,10540.21,2.73,29.0,20.2,0.0,-8.205
2026-07-11 15:00:00,11.21,10994.0,10528.17,2.73,29.2,18.9,0.0,-9.265
2026-07-11 16:00:00,6.09,10943.0,10509.5,2.73,29.0,11.8,0.0,-14.385
2026-07-11 17:00:00,0.0,11116.0,10493.46,2.73,29.2,5.9,0.0,-20.475
2026-07-11 18:00:00,0.0,11178.0,10477.29,2.73,23.1,20.6,0.0,-20.475
2026-07-11 19:00:00,0.01,11122.0,10454.96,2.73,22.1,14.9,0.0,-20.465
2026-07-11 20:00:00,4.96,11078.0,10434.42,2.73,21.8,13.2,0.0,-15.515
2026-07-11 21:00:00,12.25,10901.0,10413.42,2.73,20.2,9.4,0.0,-8.225
2026-07-11 22:00:00,14.87,10708.0,10395.67,2.73,18.7,6.4,0.0,-5.605
2026-07-11 23:00:00,12.04,10575.0,10380.79,2.73,17.7,4.9,0.3,-8.435
2026-07-12 01:00:00,17.77,10006.0,10349.71,2.73,15.5,2.3,2.5,-2.705
2026-07-12 02:00:00,20.7,9798.0,10339.42,2.73,14.6,3.5,3.4,0.225
2026-07-12 03:00:00,20.07,9635.0,10334.38,2.73,14.1,4.2,3.9,-0.405
2026-07-12 04:00:00,16.76,9528.0,10331.96,2.73,13.7,5.4,4.3,-3.715
2026-07-12 05:00:00,18.92,9517.0,10332.21,2.73,13.1,7.6,4.9,-1.555
2026-07-12 06:00:00,18.99,9429.0,10330.42,2.73,13.3,5.3,4.7,-1.485
2026-07-12 07:00:00,12.58,9415.0,10329.25,2.73,13.7,7.7,4.3,-7.895
2026-07-12 08:00:00,1.76,9585.0,10334.08,2.73,15.5,8.6,2.5,-18.715
2026-07-12 09:00:00,0.01,9805.0,10339.54,2.73,18.5,8.2,0.0,-20.465
2026-07-12 10:00:00,8.96,10078.0,10346.67,2.73,21.9,11.5,0.0,-11.515
2026-07-12 11:00:00,3.3,10313.0,10353.12,2.73,24.6,17.8,0.0,-17.175
2026-07-12 12:00:00,0.01,10575.0,10360.21,2.73,26.5,18.7,0.0,-20.465
2026-07-12 13:00:00,0.0,10653.0,10362.0,2.73,27.0,19.7,0.0,-20.475
2026-07-12 14:00:00,0.0,10715.0,10358.38,2.73,27.3,20.6,0.0,-20.475
2026-07-12 15:00:00,0.0,10848.0,10354.79,2.73,27.2,19.2,0.0,-20.475
2026-07-12 16:00:00,5.98,10968.0,10353.71,2.73,26.9,18.6,0.0,-14.495
2026-07-12 17:00:00,4.2,11183.0,10363.71,2.73,26.7,17.0,0.0,-16.275
2026-07-12 18:00:00,3.21,11273.0,10370.25,2.73,26.7,15.5,0.0,-17.265
2026-07-12 19:00:00,6.8,11288.0,10374.83,2.73,26.3,10.7,0.0,-13.675
2026-07-12 20:00:00,17.99,11272.0,10381.08,2.73,24.9,6.0,0.0,-2.485
2026-07-12 21:00:00,20.4,11135.0,10383.46,2.73,23.1,10.2,0.0,-0.075
2026-07-12 22:00:00,18.12,10907.0,10383.71,2.73,21.0,9.1,0.0,-2.355
2026-07-12 23:00:00,13.55,10684.0,10382.71,2.73,19.1,10.8,0.0,-6.925
2026-07-13 01:00:00,0.01,9996.0,10358.58,2.83,16.1,12.6,1.9,-21.215
2026-07-13 02:00:00,0.0,9812.0,10350.5,2.83,15.3,11.0,2.7,-21.225
2026-07-13 03:00:00,0.0,9698.0,10346.33,2.83,14.3,10.0,3.7,-21.225
2026-07-13 04:00:00,5.74,9597.0,10344.75,2.83,13.5,5.3,4.5,-15.485
2026-07-13 05:00:00,17.05,9619.0,10348.54,2.83,12.9,4.1,5.1,-4.175
2026-07-13 06:00:00,18.1,9647.0,10353.96,2.83,12.3,4.5,5.7,-3.125
2026-07-13 07:00:00,16.26,9879.0,10372.71,2.83,13.5,3.1,4.5,-4.965
2026-07-13 08:00:00,13.24,10248.0,10407.42,2.83,14.4,1.1,3.6,-7.985
2026-07-13 09:00:00,15.43,10542.0,10447.29,2.83,15.5,4.8,2.5,-5.795
2026-07-13 10:00:00,14.94,10695.0,10484.38,2.83,16.8,5.6,1.2,-6.285
2026-07-13 11:00:00,15.76,10858.0,10516.88,2.83,18.1,8.4,0.0,-5.465
2026-07-13 12:00:00,18.8,11096.0,10549.5,2.83,19.6,9.8,0.0,-2.425
2026-07-13 13:00:00,21.66,11223.0,10576.5,2.83,21.0,10.1,0.0,0.435
2026-07-13 14:00:00,23.1,11294.0,10603.21,2.83,22.1,10.4,0.0,1.875
2026-07-13 15:00:00,25.3,11393.0,10631.46,2.83,23.0,11.6,0.0,4.075
2026-07-13 16:00:00,25.37,11546.0,10660.54,2.83,23.7,12.2,0.0,4.145
2026-07-13 17:00:00,24.31,11641.0,10688.58,2.83,24.2,10.3,0.0,3.085
2026-07-13 18:00:00,28.03,11845.0,10716.17,2.83,25.1,11.9,0.0,6.805
2026-07-13 19:00:00,32.19,11774.0,10737.04,2.83,25.2,12.6,0.0,10.965
2026-07-13 20:00:00,186.05,11696.0,10754.04,2.83,24.7,10.1,0.0,164.825
2026-07-13 21:00:00,81.0,11512.0,10764.04,2.83,23.0,8.0,0.0,59.775
2026-07-13 22:00:00,58.06,11235.0,10768.21,2.83,20.9,12.0,0.0,36.835
2026-07-13 23:00:00,24.77,10930.0,10769.17,2.83,20.4,10.1,0.0,3.545
2026-07-14 01:00:00,18.74,10146.0,10746.75,2.76,17.5,9.5,0.5,-1.96
2026-07-14 02:00:00,16.36,9930.0,10744.0,2.76,16.5,9.1,1.5,-4.34
2026-07-14 03:00:00,15.82,9804.0,10743.67,2.76,15.7,9.3,2.3,-4.88
2026-07-14 04:00:00,17.79,9734.0,10745.17,2.76,14.9,8.6,3.1,-2.91
2026-07-14 05:00:00,18.0,9747.0,10751.42,2.76,14.0,8.4,4.0,-2.7
2026-07-14 06:00:00,19.64,9813.0,10759.5,2.76,13.0,8.6,5.0,-1.06
2026-07-14 07:00:00,18.0,10023.0,10775.17,2.76,13.7,7.3,4.3,-2.7
2026-07-14 08:00:00,19.02,10348.0,10794.71,2.76,15.4,5.2,2.6,-1.68
2026-07-14 09:00:00,22.75,10712.0,10814.04,2.76,17.5,6.2,0.5,2.05
2026-07-14 10:00:00,24.13,10985.0,10832.5,2.76,18.8,5.7,0.0,3.43
2026-07-14 11:00:00,28.71,11209.0,10853.92,2.76,20.3,5.4,0.0,8.01
2026-07-14 12:00:00,24.5,11317.0,10873.04,2.76,22.3,6.5,0.0,3.8
2026-07-14 13:00:00,25.36,11406.0,10885.96,2.76,23.6,7.6,0.0,4.66
2026-07-14 14:00:00,46.14,11605.0,10901.88,2.76,24.5,8.9,0.0,25.44
2026-07-14 15:00:00,45.49,11672.0,10917.62,2.76,24.1,9.3,0.0,24.79
2026-07-14 16:00:00,75.08,11730.0,10931.67,2.76,24.2,11.7,0.0,54.38
2026-07-14 17:00:00,56.58,11749.0,10940.12,2.76,24.2,12.9,0.0,35.88
2026-07-14 18:00:00,33.04,11762.0,10945.17,2.76,23.6,12.3,0.0,12.34
2026-07-14 19:00:00,34.57,11674.0,10938.04,2.76,23.7,13.8,0.0,13.87
2026-07-14 20:00:00,40.38,11621.0,10931.67,2.76,23.0,13.1,0.0,19.68
2026-07-14 21:00:00,105.06,11539.0,10925.12,2.76,21.7,10.0,0.0,84.36
2026-07-14 22:00:00,155.86,11324.0,10917.29,2.76,20.3,6.4,0.0,135.16
2026-07-14 23:00:00,53.51,11129.0,10912.88,2.76,19.5,5.3,0.0,32.81
2026-07-15 01:00:00,15.08,10149.0,10880.33,2.8,17.9,8.1,0.1,-5.92
2026-07-15 02:00:00,13.52,9912.0,10870.58,2.8,17.0,7.9,1.0,-7.48
2026-07-15 03:00:00,15.1,9765.0,10863.71,2.8,16.4,9.0,1.6,-5.9
2026-07-15 04:00:00,6.82,9615.0,10855.83,2.8,15.9,10.0,2.1,-14.18
2026-07-15 05:00:00,1.82,9601.0,10850.29,2.8,15.5,10.3,2.5,-19.18
2026-07-15 06:00:00,8.4,9669.0,10847.04,2.8,13.6,5.3,4.4,-12.6
2026-07-15 07:00:00,19.09,9944.0,10852.5,2.8,14.2,4.4,3.8,-1.91
2026-07-15 08:00:00,30.27,10443.0,10870.0,2.8,15.5,3.3,2.5,9.27
2026-07-15 09:00:00,40.33,10827.0,10889.96,2.8,17.9,2.7,0.1,19.33
2026-07-15 10:00:00,37.67,11095.0,10905.92,2.8,19.7,2.0,0.0,16.67
2026-07-15 11:00:00,34.95,11364.0,10921.71,2.8,21.3,4.9,0.0,13.95
2026-07-15 12:00:00,36.6,11529.0,10935.04,2.8,22.8,7.7,0.0,15.6
2026-07-15 13:00:00,37.5,11657.0,10949.21,2.8,24.0,7.2,0.0,16.5
2026-07-15 14:00:00,41.32,11852.0,10967.79,2.8,24.7,7.7,0.0,20.32
2026-07-15 15:00:00,49.71,11872.0,10978.92,2.8,23.8,4.0,0.0,28.71
2026-07-15 16:00:00,50.33,11903.0,10988.54,2.8,24.2,7.6,0.0,29.33
2026-07-15 17:00:00,59.31,12016.0,11000.46,2.8,24.6,4.8,0.0,38.31
2026-07-15 18:00:00,36.72,11980.0,11010.08,2.8,25.2,8.8,0.0,15.72
2026-07-15 19:00:00,34.09,11792.0,11011.33,2.8,23.9,5.0,0.0,13.09
2026-07-15 20:00:00,34.7,11744.0,11014.25,2.8,23.4,7.1,0.0,13.7
2026-07-15 21:00:00,139.92,11695.0,11017.33,2.8,22.6,3.4,0.0,118.92
2026-07-15 22:00:00,73.81,11506.0,11015.96,2.8,21.1,3.6,0.0,52.81
2026-07-15 23:00:00,38.61,11310.0,11015.38,2.8,20.2,3.7,0.0,17.61
2026-07-16 01:00:00,24.5,10533.0,10990.54,2.83,18.0,3.8,0.0,3.275
2026-07-16 02:00:00,22.02,10322.0,10997.75,2.83,17.3,5.1,0.7,0.795
2026-07-16 03:00:00,23.32,10107.0,11005.88,2.83,16.5,4.3,1.5,2.095
2026-07-16 04:00:00,23.29,9961.0,11014.04,2.83,16.0,3.8,2.0,2.065
2026-07-16 05:00:00,27.1,9939.0,11027.54,2.83,15.5,3.2,2.5,5.875
2026-07-16 06:00:00,27.49,9983.0,11043.46,2.83,14.0,7.3,4.0,6.265
2026-07-16 07:00:00,29.23,10213.0,11066.12,2.83,15.2,6.2,2.8,8.005
2026-07-16 08:00:00,29.23,10695.0,11097.42,2.83,17.0,2.2,1.0,8.005
2026-07-16 09:00:00,35.47,11024.0,11121.62,2.83,18.9,3.8,0.0,14.245
2026-07-16 10:00:00,35.48,11266.0,11139.92,2.83,20.6,2.8,0.0,14.255
2026-07-16 11:00:00,33.79,11486.0,11156.21,2.83,22.3,4.5,0.0,12.565
2026-07-16 12:00:00,29.39,11693.0,11169.92,2.83,23.7,4.3,0.0,8.165
2026-07-16 13:00:00,25.83,11869.0,11184.08,2.83,25.3,6.2,0.0,4.605
2026-07-16 14:00:00,27.03,12058.0,11200.79,2.83,26.2,7.8,0.0,5.805
2026-07-16 15:00:00,33.84,12186.0,11214.71,2.83,27.3,9.0,0.0,12.615
2026-07-16 16:00:00,35.33,12240.0,11230.04,2.83,26.2,12.6,0.0,14.105
2026-07-16 17:00:00,34.89,12241.0,11244.12,2.83,26.7,9.3,0.0,13.665
2026-07-16 18:00:00,127.9,12238.0,11253.38,2.83,26.4,15.9,0.0,106.675
2026-07-16 19:00:00,529.13,12176.0,11261.54,2.83,25.7,10.3,0.0,507.905
2026-07-16 20:00:00,965.0,12074.0,11273.29,2.83,25.1,8.7,0.0,943.775
2026-07-16 21:00:00,577.59,11908.0,11280.12,2.83,23.8,8.5,0.0,556.365
2026-07-16 22:00:00,159.5,11680.0,11279.5,2.83,22.4,8.3,0.0,138.275
2026-07-16 23:00:00,37.14,11460.0,11277.58,2.83,21.5,7.8,0.0,15.915
2026-07-17 01:00:00,13.39,10715.0,11252.79,2.75,20.0,5.7,0.0,-7.235
2026-07-17 02:00:00,13.41,10480.0,11250.58,2.75,19.2,4.3,0.0,-7.215
2026-07-17 03:00:00,11.86,10251.0,11247.62,2.75,18.7,1.7,0.0,-8.765
2026-07-17 04:00:00,12.48,10123.0,11248.29,2.75,18.4,1.1,0.0,-8.145
2026-07-17 05:00:00,13.96,10081.0,11253.29,2.75,17.9,1.5,0.1,-6.665
2026-07-17 06:00:00,17.97,10106.0,11260.25,2.75,16.4,1.6,1.6,-2.655
2026-07-17 07:00:00,21.35,10378.0,11276.71,2.75,17.3,3.8,0.7,0.725
2026-07-17 08:00:00,20.04,10847.0,11303.12,2.75,18.9,3.5,0.0,-0.585
2026-07-17 09:00:00,24.99,11213.0,11324.71,2.75,20.6,4.5,0.0,4.365
2026-07-17 10:00:00,36.37,11568.0,11347.38,2.75,22.1,4.6,0.0,15.745
2026-07-17 11:00:00,36.43,11843.0,11371.42,2.75,23.8,5.6,0.0,15.805
2026-07-17 12:00:00,44.19,12080.0,11396.17,2.75,25.1,4.9,0.0,23.565
2026-07-17 13:00:00,60.29,12197.0,11417.17,2.75,26.0,5.3,0.0,39.665
2026-07-17 14:00:00,47.67,12281.0,11434.33,2.75,26.5,6.8,0.0,27.045
2026-07-17 15:00:00,41.6,12345.0,11446.29,2.75,26.4,7.6,0.0,20.975
2026-07-17 16:00:00,248.26,12372.0,11454.04,2.75,27.6,6.6,0.0,227.635
2026-07-17 17:00:00,92.7,12390.0,11460.29,2.75,28.1,10.9,0.0,72.075
2026-07-17 18:00:00,51.08,12379.0,11466.04,2.75,28.4,10.6,0.0,30.455
2026-07-17 19:00:00,34.87,12233.0,11465.83,2.75,28.4,10.7,0.0,14.245
2026-07-17 20:00:00,39.63,12168.0,11465.5,2.75,27.3,11.6,0.0,19.005
2026-07-17 21:00:00,114.89,11947.0,11460.21,2.75,25.6,10.8,0.0,94.265
2026-07-17 22:00:00,46.68,11653.0,11449.58,2.75,24.0,11.5,0.0,26.055
2026-07-17 23:00:00,30.26,11511.0,11442.54,2.75,22.9,10.8,0.0,9.635
2026-07-18 01:00:00,14.73,10773.0,11413.92,2.75,20.8,8.8,0.0,-5.895
2026-07-18 02:00:00,9.52,10497.0,11404.83,2.75,20.0,7.2,0.0,-11.105
2026-07-18 03:00:00,3.24,10266.0,11395.92,2.75,19.1,5.0,0.0,-17.385
2026-07-18 04:00:00,0.02,10134.0,11391.04,2.75,18.3,4.4,0.0,-20.605
2026-07-18 05:00:00,0.02,10024.0,11386.92,2.75,17.6,4.5,0.4,-20.605
2026-07-18 06:00:00,0.01,9871.0,11378.17,2.75,17.2,8.9,0.8,-20.615
2026-07-18 07:00:00,0.0,10037.0,11375.29,2.75,18.9,8.9,0.0,-20.625
2026-07-18 08:00:00,0.01,10362.0,11374.62,2.75,21.5,7.5,0.0,-20.615
2026-07-18 09:00:00,0.25,10652.0,11366.5,2.75,23.6,5.0,0.0,-20.375
2026-07-18 10:00:00,9.05,10937.0,11355.0,2.75,26.0,4.0,0.0,-11.575
2026-07-18 11:00:00,14.42,11237.0,11341.21,2.75,28.3,8.1,0.0,-6.205
2026-07-18 12:00:00,21.5,11486.0,11326.33,2.75,29.3,8.6,0.0,0.875
2026-07-18 13:00:00,24.76,11691.0,11310.12,2.75,29.4,10.9,0.0,4.135
2026-07-18 14:00:00,22.29,11845.0,11295.46,2.75,30.8,14.7,0.0,1.665
2026-07-18 15:00:00,23.37,11944.0,11281.42,2.75,31.0,17.0,0.0,2.745
2026-07-18 16:00:00,22.31,11974.0,11265.96,2.75,31.4,17.6,0.0,1.685
2026-07-18 17:00:00,19.3,12000.0,11250.46,2.75,31.2,18.6,0.0,-1.325
2026-07-18 18:00:00,13.99,12048.0,11236.21,2.75,31.1,18.9,0.0,-6.635
2026-07-18 19:00:00,11.45,12049.0,11222.46,2.75,30.2,19.6,0.0,-9.175
2026-07-18 20:00:00,14.25,11870.0,11207.33,2.75,28.2,15.3,0.0,-6.375
2026-07-18 21:00:00,9.29,11739.0,11189.46,2.75,26.1,17.1,0.0,-11.335
2026-07-18 22:00:00,0.01,11461.0,11169.21,2.75,24.2,15.0,0.0,-20.615
2026-07-18 23:00:00,0.0,11119.0,11146.96,2.75,22.1,15.0,0.0,-20.625
2026-07-19 01:00:00,0.0,10145.0,11090.04,2.75,16.8,12.2,1.2,-20.625
2026-07-19 02:00:00,0.0,9864.0,11052.17,2.75,16.0,9.8,2.0,-20.625
2026-07-19 03:00:00,0.0,9690.0,11018.54,2.75,15.4,7.4,2.6,-20.625
2026-07-19 04:00:00,0.01,9579.0,10989.92,2.75,14.8,5.1,3.2,-20.615
2026-07-19 05:00:00,6.67,9529.0,10964.71,2.75,14.3,6.5,3.7,-13.955
2026-07-19 06:00:00,10.41,9527.0,10944.0,2.75,13.7,8.0,4.3,-10.215
2026-07-19 07:00:00,11.2,9614.0,10933.29,2.75,14.3,7.2,3.7,-9.425
2026-07-19 08:00:00,8.22,9724.0,10920.25,2.75,15.6,6.2,2.4,-12.405
2026-07-19 09:00:00,2.04,9955.0,10903.29,2.75,17.8,5.5,0.2,-18.585
2026-07-19 10:00:00,0.04,10208.0,10884.79,2.75,20.2,9.4,0.0,-20.585
2026-07-19 11:00:00,0.02,10471.0,10865.38,2.75,22.0,10.6,0.0,-20.605
2026-07-19 12:00:00,0.02,10649.0,10840.88,2.75,23.3,6.6,0.0,-20.605
2026-07-19 13:00:00,0.02,10824.0,10813.29,2.75,24.0,7.1,0.0,-20.605
2026-07-19 14:00:00,0.04,10944.0,10782.17,2.75,23.9,4.7,0.0,-20.585
2026-07-19 15:00:00,1.75,11045.0,10748.83,2.75,24.1,6.7,0.0,-18.875
2026-07-19 16:00:00,5.53,11126.0,10714.75,2.75,24.4,5.9,0.0,-15.095
2026-07-19 17:00:00,10.3,11234.0,10683.92,2.75,24.7,1.5,0.0,-10.325
2026-07-19 18:00:00,16.94,11352.0,10656.92,2.75,24.0,7.9,0.0,-3.685
2026-07-19 19:00:00,19.06,11317.0,10626.46,2.75,23.4,8.6,0.0,-1.565
2026-07-19 20:00:00,21.17,11221.0,10591.96,2.75,22.7,8.3,0.0,0.545
2026-07-19 21:00:00,22.99,11050.0,10557.79,2.75,20.0,17.3,0.0,2.365
2026-07-19 22:00:00,24.96,10947.0,10524.79,2.75,18.4,14.2,0.0,4.335
2026-07-19 23:00:00,21.11,10768.0,10495.92,2.75,17.4,13.3,0.6,0.485
2026-07-20 01:00:00,3.82,10130.0,10454.71,2.8,15.7,4.7,2.3,-17.18
2026-07-20 02:00:00,7.12,9914.0,10445.08,2.8,14.8,7.7,3.2,-13.88
2026-07-20 03:00:00,10.12,9772.0,10441.25,2.8,14.0,11.0,4.0,-10.88
2026-07-20 04:00:00,15.01,9794.0,10445.58,2.8,13.4,7.7,4.6,-5.99
2026-07-20 05:00:00,11.13,9788.0,10454.29,2.8,13.0,7.6,5.0,-9.87
2026-07-20 06:00:00,13.6,9915.0,10470.38,2.8,13.0,5.8,5.0,-7.4
2026-07-20 07:00:00,8.66,10122.0,10495.17,2.8,13.6,6.0,4.4,-12.34
2026-07-20 08:00:00,17.54,10420.0,10528.75,2.8,15.2,4.3,2.8,-3.46
2026-07-20 09:00:00,13.01,10722.0,10570.33,2.8,17.2,4.1,0.8,-7.99
2026-07-20 10:00:00,16.49,10938.0,10611.29,2.8,18.8,4.4,0.0,-4.51
2026-07-20 11:00:00,9.96,11087.0,10647.92,2.8,20.2,7.8,0.0,-11.04
2026-07-20 12:00:00,11.72,11185.0,10677.67,2.8,20.2,15.0,0.0,-9.28
2026-07-20 13:00:00,19.54,11302.0,10704.88,2.8,20.5,15.7,0.0,-1.46
2026-07-20 14:00:00,22.93,11360.0,10727.21,2.8,19.9,14.4,0.0,1.93
2026-07-20 15:00:00,23.71,11383.0,10745.5,2.8,20.0,9.4,0.0,2.71
2026-07-20 16:00:00,13.49,11365.0,10758.83,2.8,20.7,6.8,0.0,-7.51
2026-07-20 17:00:00,10.87,11445.0,10772.12,2.8,21.1,8.8,0.0,-10.13
2026-07-20 18:00:00,16.36,11533.0,10784.58,2.8,21.4,10.1,0.0,-4.64
2026-07-20 19:00:00,23.09,11441.0,10788.29,2.8,20.6,10.1,0.0,2.09
2026-07-20 20:00:00,25.8,11392.0,10791.42,2.8,19.8,10.4,0.0,4.8
2026-07-20 21:00:00,28.23,11316.0,10795.38,2.8,18.7,8.2,0.0,7.23
2026-07-20 22:00:00,35.38,11210.0,10802.04,2.8,17.5,7.2,0.5,14.38
2026-07-20 23:00:00,26.4,11025.0,10805.29,2.8,17.0,4.6,1.0,5.4
2026-07-21 01:00:00,24.62,10262.0,10784.21,2.8,15.6,4.3,2.4,3.62
2026-07-21 02:00:00,23.59,10062.0,10781.38,2.8,15.2,4.5,2.8,2.59
2026-07-21 03:00:00,22.91,9952.0,10782.96,2.8,14.8,2.9,3.2,1.91
2026-07-21 04:00:00,22.91,9887.0,10787.75,2.8,14.5,3.1,3.5,1.91
2026-07-21 05:00:00,25.9,9894.0,10791.92,2.8,14.2,4.6,3.8,4.9
2026-07-21 06:00:00,26.31,10034.0,10802.17,2.8,14.1,6.8,3.9,5.31
2026-07-21 07:00:00,26.2,10159.0,10812.33,2.8,14.4,6.7,3.6,5.2
2026-07-21 08:00:00,24.95,10459.0,10826.38,2.8,15.3,7.8,2.7,3.95
2026-07-21 09:00:00,23.45,10713.0,10838.58,2.8,16.9,9.5,1.1,2.45
2026-07-21 10:00:00,24.3,10952.0,10848.17,2.8,18.7,11.2,0.0,3.3
2026-07-21 11:00:00,23.87,11165.0,10857.62,2.8,20.4,12.5,0.0,2.87
2026-07-21 12:00:00,24.25,11359.0,10868.96,2.8,22.0,14.2,0.0,3.25
2026-07-21 13:00:00,26.26,11453.0,10880.12,2.8,22.8,12.9,0.0,5.26
2026-07-21 14:00:00,28.11,11561.0,10890.92,2.8,23.3,11.6,0.0,7.11
2026-07-21 15:00:00,37.03,11654.0,10903.17,2.8,23.8,10.2,0.0,16.03
2026-07-21 16:00:00,48.06,11772.0,10919.38,2.8,24.3,9.4,0.0,27.06
2026-07-21 17:00:00,51.18,11932.0,10943.0,2.8,24.5,8.9,0.0,30.18
2026-07-21 18:00:00,38.27,11947.0,10963.92,2.8,24.6,9.9,0.0,17.27
2026-07-21 19:00:00,74.4,11919.0,10980.0,2.8,24.6,8.5,0.0,53.4
2026-07-21 20:00:00,291.63,11806.0,10995.21,2.8,24.1,8.0,0.0,270.63
2026-07-21 21:00:00,314.46,11614.0,11004.46,2.8,22.7,4.0,0.0,293.46
2026-07-21 22:00:00,43.05,11477.0,11011.17,2.8,21.2,5.2,0.0,22.05
2026-07-21 23:00:00,21.02,11294.0,11014.67,2.8,20.3,5.4,0.0,0.02
2026-07-22 01:00:00,10.45,10443.0,10990.42,2.93,18.5,5.4,0.0,-11.525
2026-07-22 02:00:00,15.17,10243.0,10989.62,2.93,17.8,5.9,0.2,-6.805
2026-07-22 03:00:00,9.89,10018.0,10987.79,2.93,17.1,6.0,0.9,-12.085
2026-07-22 04:00:00,9.64,9921.0,10986.5,2.93,16.5,6.0,1.5,-12.335
2026-07-22 05:00:00,10.01,9907.0,10987.33,2.93,16.1,6.2,1.9,-11.965
2026-07-22 06:00:00,16.99,10015.0,10992.38,2.93,14.3,4.3,3.7,-4.985
2026-07-22 07:00:00,19.17,10231.0,11000.58,2.93,14.9,5.4,3.1,-2.805
2026-07-22 08:00:00,19.43,10591.0,11018.58,2.93,16.6,2.7,1.4,-2.545
2026-07-22 09:00:00,20.03,10906.0,11037.21,2.93,19.0,2.2,0.0,-1.945
2026-07-22 10:00:00,24.98,11183.0,11056.79,2.93,21.2,2.0,0.0,3.005
2026-07-22 11:00:00,26.77,11430.0,11076.71,2.93,23.4,2.1,0.0,4.795
2026-07-22 12:00:00,31.5,11686.0,11098.42,2.93,25.7,1.9,0.0,9.525
2026-07-22 13:00:00,37.92,11857.0,11119.17,2.93,27.5,4.0,0.0,15.945
2026-07-22 14:00:00,42.74,12072.0,11144.96,2.93,28.1,4.5,0.0,20.765
2026-07-22 15:00:00,67.77,12240.0,11173.25,2.93,28.3,7.8,0.0,45.795
2026-07-22 16:00:00,67.86,12276.0,11199.17,2.93,28.4,10.2,0.0,45.885
2026-07-22 17:00:00,319.99,12324.0,11222.17,2.93,28.3,7.6,0.0,298.015
2026-07-22 18:00:00,701.72,12283.0,11236.79,2.93,27.6,10.6,0.0,679.745
2026-07-22 19:00:00,361.62,12145.0,11245.04,2.93,27.1,7.5,0.0,339.645
2026-07-22 20:00:00,798.67,12042.0,11250.17,2.93,26.3,4.9,0.0,776.695
2026-07-22 21:00:00,967.02,11895.0,11253.88,2.93,24.3,4.2,0.0,945.045
2026-07-22 22:00:00,926.49,11611.0,11253.75,2.93,22.8,4.6,0.0,904.515
2026-07-22 23:00:00,537.05,11311.0,11246.83,2.93,22.0,4.9,0.0,515.075
2026-07-23 01:00:00,36.02,10568.0,11216.58,2.92,19.6,4.9,0.0,14.12
2026-07-23 02:00:00,32.2,10384.0,11214.12,2.92,18.9,4.8,0.0,10.3
2026-07-23 03:00:00,35.89,10230.0,11213.58,2.92,18.0,5.0,0.0,13.99
2026-07-23 04:00:00,27.9,10032.0,11214.17,2.92,17.1,4.8,0.9,6.0
2026-07-23 05:00:00,24.68,9990.0,11217.04,2.92,16.3,4.7,1.7,2.78
2026-07-23 06:00:00,25.49,10040.0,11222.58,2.92,14.0,7.6,4.0,3.59
2026-07-23 07:00:00,35.37,10265.0,11233.0,2.92,14.7,8.3,3.3,13.47
2026-07-23 08:00:00,33.49,10636.0,11249.88,2.92,16.6,9.6,1.4,11.59
2026-07-23 09:00:00,25.6,10965.0,11265.46,2.92,19.6,6.3,0.0,3.7
2026-07-23 10:00:00,24.94,11199.0,11277.67,2.92,22.8,3.9,0.0,3.04
2026-07-23 11:00:00,26.81,11447.0,11288.67,2.92,26.0,1.4,0.0,4.91
2026-07-23 12:00:00,28.83,11693.0,11299.62,2.92,27.8,1.9,0.0,6.93
2026-07-23 13:00:00,28.24,11875.0,11307.5,2.92,27.6,5.7,0.0,6.34
2026-07-23 14:00:00,36.98,12019.0,11314.25,2.92,27.6,4.8,0.0,15.08
2026-07-23 15:00:00,40.04,12036.0,11312.75,2.92,23.7,10.1,0.0,18.14
2026-07-23 16:00:00,44.1,12135.0,11308.38,2.92,23.7,4.1,0.0,22.2
2026-07-23 17:00:00,38.39,12117.0,11301.75,2.92,22.2,7.4,0.0,16.49
2026-07-23 18:00:00,26.97,12078.0,11291.5,2.92,25.2,9.7,0.0,5.07
2026-07-23 19:00:00,30.71,11927.0,11276.67,2.92,24.6,3.3,0.0,8.81
2026-07-23 20:00:00,46.84,11808.0,11262.62,2.92,24.0,3.2,0.0,24.94
2026-07-23 21:00:00,47.18,11668.0,11247.04,2.92,22.0,6.0,0.0,25.28
2026-07-23 22:00:00,81.81,11476.0,11229.58,2.92,20.1,6.3,0.0,59.91
2026-07-23 23:00:00,37.63,11245.0,11214.33,2.92,19.6,7.3,0.0,15.73
2026-07-24 01:00:00,38.49,10507.0,11180.83,2.87,17.9,10.4,0.1,16.965
2026-07-24 02:00:00,32.36,10240.0,11167.17,2.87,17.5,11.2,0.5,10.835
2026-07-24 03:00:00,28.72,10081.0,11154.54,2.87,17.3,12.3,0.7,7.195
2026-07-24 04:00:00,17.11,9971.0,11143.75,2.87,17.2,13.1,0.8,-4.415
2026-07-24 05:00:00,17.99,9932.0,11139.58,2.87,16.9,13.5,1.1,-3.535
2026-07-24 06:00:00,12.42,9939.0,11137.46,2.87,16.2,13.2,1.8,-9.105
2026-07-24 07:00:00,20.35,10095.0,11139.75,2.87,17.1,13.1,0.9,-1.175
2026-07-24 08:00:00,22.52,10510.0,11149.96,2.87,18.6,11.6,0.0,0.995
2026-07-24 09:00:00,22.96,10865.0,11159.5,2.87,20.7,9.6,0.0,1.435
2026-07-24 10:00:00,23.71,11111.0,11165.58,2.87,23.3,7.0,0.0,2.185
2026-07-24 11:00:00,23.26,11355.0,11172.08,2.87,25.6,7.1,0.0,1.735
2026-07-24 12:00:00,23.06,11587.0,11177.92,2.87,26.7,4.7,0.0,1.535
2026-07-24 13:00:00,23.04,11767.0,11181.0,2.87,27.8,6.9,0.0,1.515
2026-07-24 14:00:00,17.72,11932.0,11183.38,2.87,28.0,14.1,0.0,-3.805
2026-07-24 15:00:00,17.23,12118.0,11187.5,2.87,28.6,12.1,0.0,-4.295
2026-07-24 16:00:00,13.21,12212.0,11194.83,2.87,29.2,12.6,0.0,-8.315
2026-07-24 17:00:00,12.06,12251.0,11199.67,2.87,29.2,14.3,0.0,-9.465
2026-07-24 18:00:00,19.0,12246.0,11205.04,2.87,29.4,11.9,0.0,-2.525
2026-07-24 19:00:00,25.53,12011.0,11202.25,2.87,28.8,8.5,0.0,4.005
2026-07-24 20:00:00,36.12,11908.0,11201.46,2.87,27.3,6.7,0.0,14.595
2026-07-24 21:00:00,38.61,11749.0,11199.0,2.87,25.0,9.4,0.0,17.085
2026-07-24 22:00:00,37.02,11556.0,11194.33,2.87,22.9,7.8,0.0,15.495
2026-07-24 23:00:00,36.6,11375.0,11190.12,2.87,21.2,7.2,0.0,15.075
2026-07-25 01:00:00,22.72,10568.0,11161.92,2.87,18.7,7.7,0.0,1.195
2026-07-25 02:00:00,20.72,10289.0,11152.83,2.87,17.5,8.1,0.5,-0.805
2026-07-25 03:00:00,20.93,10066.0,11145.58,2.87,16.6,8.3,1.4,-0.595
2026-07-25 04:00:00,22.12,9977.0,11141.25,2.87,15.3,6.3,2.7,0.595
2026-07-25 05:00:00,14.45,9903.0,11138.42,2.87,14.1,6.2,3.9,-7.075
2026-07-25 06:00:00,19.92,9886.0,11136.5,2.87,12.9,9.0,5.1,-1.605
2026-07-25 07:00:00,26.25,9898.0,11134.79,2.87,13.9,8.1,4.1,4.725
2026-07-25 08:00:00,22.62,10085.0,11134.38,2.87,15.6,5.3,2.4,1.095
2026-07-25 09:00:00,25.27,10345.0,11127.5,2.87,18.2,3.1,0.0,3.745
2026-07-25 10:00:00,28.64,10647.0,11118.42,2.87,21.6,1.9,0.0,7.115
2026-07-25 11:00:00,22.64,10933.0,11111.0,2.87,24.5,5.2,0.0,1.115
2026-07-25 12:00:00,21.62,11179.0,11103.67,2.87,28.0,10.7,0.0,0.095
2026-07-25 13:00:00,23.13,11336.0,11093.21,2.87,29.1,13.7,0.0,1.605
2026-07-25 14:00:00,27.64,11459.0,11080.38,2.87,29.1,12.6,0.0,6.115
2026-07-25 15:00:00,28.7,11613.0,11067.08,2.87,29.8,11.3,0.0,7.175
2026-07-25 16:00:00,27.28,11726.0,11050.75,2.87,30.1,12.4,0.0,5.755
2026-07-25 17:00:00,28.76,11885.0,11037.12,2.87,29.7,7.3,0.0,7.235
2026-07-25 18:00:00,29.15,11951.0,11024.62,2.87,31.0,14.7,0.0,7.625
2026-07-25 19:00:00,28.58,11822.0,11006.96,2.87,29.9,14.5,0.0,7.055
2026-07-25 20:00:00,15.44,11708.0,10994.33,2.87,28.2,8.6,0.0,-6.085
2026-07-25 21:00:00,4.84,11541.0,10979.04,2.87,25.0,7.6,0.0,-16.685
2026-07-25 22:00:00,0.0,11392.0,10964.17,2.87,23.7,10.1,0.0,-21.525
2026-07-25 23:00:00,0.0,11034.0,10942.42,2.87,23.5,14.4,0.0,-21.525
2026-07-26 01:00:00,0.0,10254.0,10895.71,2.87,18.9,10.4,0.0,-21.525
2026-07-26 02:00:00,0.0,10046.0,10873.96,2.87,19.5,19.8,0.0,-21.525
2026-07-26 03:00:00,0.0,9917.0,10858.46,2.87,16.1,16.5,1.9,-21.525
2026-07-26 04:00:00,0.0,9837.0,10848.92,2.87,14.7,15.5,3.3,-21.525
2026-07-26 05:00:00,0.01,9745.0,10839.25,2.87,14.1,7.0,3.9,-21.515
2026-07-26 06:00:00,14.02,9682.0,10830.04,2.87,13.5,4.2,4.5,-7.505
2026-07-26 07:00:00,24.07,9649.0,10820.17,2.87,14.1,4.5,3.9,2.545
2026-07-26 08:00:00,28.58,9812.0,10816.58,2.87,15.4,4.2,2.6,7.055
2026-07-26 09:00:00,28.58,10037.0,10814.58,2.87,17.3,2.4,0.7,7.055
2026-07-26 10:00:00,27.84,10291.0,10812.33,2.87,19.4,3.4,0.0,6.315
2026-07-26 11:00:00,23.36,10593.0,10810.08,2.87,21.4,8.4,0.0,1.835
2026-07-26 12:00:00,21.46,10836.0,10806.04,2.87,23.7,9.0,0.0,-0.065
2026-07-26 13:00:00,20.19,11019.0,10799.38,2.87,25.5,7.2,0.0,-1.335
2026-07-26 14:00:00,19.76,11180.0,10792.88,2.87,26.8,4.3,0.0,-1.765
2026-07-26 15:00:00,20.48,11364.0,10788.92,2.87,27.5,4.3,0.0,-1.045
2026-07-26 16:00:00,22.39,11471.0,10783.0,2.87,27.8,9.4,0.0,0.865
2026-07-26 17:00:00,25.36,11669.0,10780.62,2.87,27.5,9.8,0.0,3.835
2026-07-26 18:00:00,25.43,11812.0,10777.58,2.87,27.7,9.4,0.0,3.905
2026-07-26 19:00:00,27.45,11824.0,10772.29,2.87,27.8,8.6,0.0,5.925
2026-07-26 20:00:00,31.13,11741.0,10768.92,2.87,27.5,3.3,0.0,9.605
2026-07-26 21:00:00,44.44,11582.0,10763.67,2.87,25.5,5.6,0.0,22.915
2026-07-26 22:00:00,33.01,11421.0,10758.67,2.87,23.3,7.3,0.0,11.485
2026-07-26 23:00:00,29.63,11160.0,10749.0,2.87,22.5,7.6,0.0,8.105
2026-07-27 01:00:00,14.52,10332.0,10719.75,2.63,19.5,5.0,0.0,-5.205
2026-07-27 02:00:00,6.87,10074.0,10712.25,2.63,18.3,6.6,0.0,-12.855
2026-07-27 03:00:00,0.64,9895.0,10705.96,2.63,17.3,9.6,0.7,-19.085
2026-07-27 04:00:00,0.02,9746.0,10698.83,2.63,17.0,10.8,1.0,-19.705
2026-07-27 05:00:00,0.02,9785.0,10696.67,2.63,17.3,12.0,0.7,-19.705
2026-07-27 06:00:00,0.03,9899.0,10703.08,2.63,16.0,10.1,2.0,-19.695
2026-07-27 07:00:00,7.89,10082.0,10719.75,2.63,17.5,13.3,0.5,-11.835
2026-07-27 08:00:00,4.46,10548.0,10757.21,2.63,19.0,10.8,0.0,-15.265
2026-07-27 09:00:00,8.78,10859.0,10800.83,2.63,20.7,7.9,0.0,-10.945
2026-07-27 10:00:00,9.15,11186.0,10848.71,2.63,23.0,9.9,0.0,-10.575
2026-07-27 11:00:00,18.59,11341.0,10892.46,2.63,24.6,15.9,0.0,-1.135
2026-07-27 12:00:00,13.3,11553.0,10932.46,2.63,25.8,14.3,0.0,-6.425
2026-07-27 13:00:00,13.99,11746.0,10970.38,2.63,26.7,13.3,0.0,-5.735
2026-07-27 14:00:00,10.54,11770.0,11001.67,2.63,27.5,10.7,0.0,-9.185
2026-07-27 15:00:00,10.07,11784.0,11026.83,2.63,28.3,10.6,0.0,-9.655
2026-07-27 16:00:00,6.45,11866.0,11047.75,2.63,28.4,12.7,0.0,-13.275
2026-07-27 17:00:00,0.01,11949.0,11067.67,2.63,28.2,10.2,0.0,-19.715
2026-07-27 18:00:00,0.0,11964.0,11079.96,2.63,28.2,4.7,0.0,-19.725
2026-07-27 19:00:00,7.87,11871.0,11082.42,2.63,28.0,4.8,0.0,-11.855
2026-07-27 20:00:00,21.82,11797.0,11081.29,2.63,26.2,9.1,0.0,2.095
2026-07-27 21:00:00,24.39,11571.0,11074.21,2.63,21.4,18.8,0.0,4.665
2026-07-27 22:00:00,28.35,11286.0,11061.88,2.63,19.8,14.6,0.0,8.625
2026-07-27 23:00:00,29.02,11092.0,11048.17,2.63,18.3,11.5,0.0,9.295
2026-07-28 01:00:00,24.68,10302.0,11012.42,2.65,15.8,4.3,2.2,4.805
2026-07-28 02:00:00,23.34,10064.0,11001.25,2.65,15.4,1.5,2.6,3.465
2026-07-28 03:00:00,24.39,9902.0,10994.08,2.65,14.9,1.1,3.1,4.515
2026-07-28 04:00:00,26.75,9800.0,10990.12,2.65,14.6,1.6,3.4,6.875
2026-07-28 05:00:00,25.49,9793.0,10992.08,2.65,14.3,3.5,3.7,5.615
2026-07-28 06:00:00,23.95,9894.0,10996.62,2.65,13.6,0.5,4.4,4.075
2026-07-28 07:00:00,25.6,10090.0,11004.58,2.65,13.8,4.0,4.2,5.725
2026-07-28 08:00:00,23.57,10361.0,11016.21,2.65,14.4,5.1,3.6,3.695
2026-07-28 09:00:00,23.44,10651.0,11020.5,2.65,15.7,5.7,2.3,3.565
2026-07-28 10:00:00,24.33,10899.0,11022.17,2.65,17.6,5.9,0.4,4.455
2026-07-28 11:00:00,26.02,11082.0,11017.83,2.65,19.9,7.9,0.0,6.145
2026-07-28 12:00:00,23.25,11270.0,11014.88,2.65,22.1,8.0,0.0,3.375
2026-07-28 13:00:00,19.59,11390.0,11008.08,2.65,24.5,9.0,0.0,-0.285
2026-07-28 14:00:00,13.31,11558.0,11000.25,2.65,26.7,12.1,0.0,-6.565
2026-07-28 15:00:00,15.18,11770.0,11000.25,2.65,29.3,16.1,0.0,-4.695
2026-07-28 16:00:00,16.18,11944.0,11006.92,2.65,29.2,19.8,0.0,-3.695
2026-07-28 17:00:00,9.88,12057.0,11014.88,2.65,29.3,21.1,0.0,-9.995
2026-07-28 18:00:00,15.13,12124.0,11022.17,2.65,29.8,17.7,0.0,-4.745
2026-07-28 19:00:00,24.25,12083.0,11027.12,2.65,28.8,21.8,0.0,4.375
2026-07-28 20:00:00,33.88,12025.0,11033.54,2.65,28.1,17.5,0.0,14.005
2026-07-28 21:00:00,32.23,11666.0,11028.08,2.65,25.7,5.6,0.0,12.355
2026-07-28 22:00:00,24.99,11347.0,11018.75,2.65,24.1,9.9,0.0,5.115
2026-07-28 23:00:00,11.38,11079.0,11010.12,2.65,22.9,7.0,0.0,-8.495
2026-07-29 01:00:00,0.01,10133.0,10970.17,2.58,18.6,13.9,0.0,-19.34
2026-07-29 02:00:00,0.0,9853.0,10951.46,2.58,17.0,9.5,1.0,-19.35
2026-07-29 03:00:00,0.0,9712.0,10936.79,2.58,16.1,8.4,1.9,-19.35
2026-07-29 04:00:00,13.31,9568.0,10922.88,2.58,15.3,5.7,2.7,-6.04
2026-07-29 05:00:00,19.91,9589.0,10914.08,2.58,14.6,5.7,3.4,0.56
2026-07-29 06:00:00,21.29,9671.0,10909.0,2.58,12.7,2.5,5.3,1.94
2026-07-29 07:00:00,22.31,9884.0,10908.58,2.58,13.5,4.8,4.5,2.96
2026-07-29 08:00:00,20.05,10240.0,10914.83,2.58,14.8,6.2,3.2,0.7
2026-07-29 09:00:00,21.0,10509.0,10921.0,2.58,16.4,6.8,1.6,1.65
2026-07-29 10:00:00,21.83,10765.0,10925.75,2.58,17.9,7.5,0.1,2.48
2026-07-29 11:00:00,23.12,10952.0,10927.96,2.58,19.4,9.7,0.0,3.77
2026-07-29 12:00:00,23.31,11080.0,10927.88,2.58,21.6,12.4,0.0,3.96
2026-07-29 13:00:00,23.09,11192.0,10924.62,2.58,22.8,12.2,0.0,3.74
2026-07-29 14:00:00,23.36,11331.0,10922.17,2.58,23.7,11.2,0.0,4.01
2026-07-29 15:00:00,23.71,11417.0,10916.29,2.58,24.7,11.6,0.0,4.36
2026-07-29 16:00:00,24.9,11592.0,10908.88,2.58,25.2,12.0,0.0,5.55
2026-07-29 17:00:00,29.07,11754.0,10900.96,2.58,25.6,11.7,0.0,9.72
2026-07-29 18:00:00,29.78,11819.0,10891.04,2.58,26.4,11.4,0.0,10.43
2026-07-29 19:00:00,30.27,11766.0,10876.12,2.58,26.1,12.2,0.0,10.92
2026-07-29 20:00:00,157.02,11622.0,10856.92,2.58,25.1,13.5,0.0,137.67
2026-07-29 21:00:00,97.76,11366.0,10829.46,2.58,23.4,12.4,0.0,78.41
2026-07-29 22:00:00,30.57,11185.0,10809.42,2.58,21.4,12.7,0.0,11.22
2026-07-29 23:00:00,23.5,10970.0,10793.71,2.58,20.3,9.8,0.0,4.15
2026-07-30 01:00:00,21.92,10222.0,10758.0,2.65,17.6,3.7,0.4,2.045
2026-07-30 02:00:00,20.22,9983.0,10751.75,2.65,17.1,7.1,0.9,0.345
2026-07-30 03:00:00,16.85,9849.0,10751.58,2.65,15.9,8.4,2.1,-3.025
2026-07-30 04:00:00,17.69,9793.0,10754.96,2.65,14.7,8.2,3.3,-2.185
2026-07-30 05:00:00,15.11,9766.0,10763.21,2.65,13.8,8.0,4.2,-4.765
2026-07-30 06:00:00,13.1,9822.0,10772.92,2.65,12.4,7.2,5.6,-6.775
2026-07-30 07:00:00,13.8,10021.0,10787.5,2.65,12.6,6.5,5.4,-6.075
2026-07-30 08:00:00,14.59,10428.0,10810.17,2.65,14.1,4.3,3.9,-5.285
2026-07-30 09:00:00,19.94,10702.0,10829.42,2.65,15.9,3.4,2.1,0.065
2026-07-30 10:00:00,19.69,10903.0,10845.83,2.65,17.7,1.9,0.3,-0.185
2026-07-30 11:00:00,18.41,11040.0,10857.29,2.65,19.6,2.1,0.0,-1.465
2026-07-30 12:00:00,19.46,11150.0,10865.54,2.65,21.7,5.0,0.0,-0.415
2026-07-30 13:00:00,19.75,11272.0,10873.54,2.65,23.3,6.9,0.0,-0.125
2026-07-30 14:00:00,20.21,11462.0,10884.79,2.65,24.5,7.7,0.0,0.335
2026-07-30 15:00:00,21.17,11591.0,10895.62,2.65,25.2,9.0,0.0,1.295
2026-07-30 16:00:00,21.53,11668.0,10906.08,2.65,25.7,7.4,0.0,1.655
2026-07-30 17:00:00,26.97,11803.0,10914.88,2.65,26.1,7.4,0.0,7.095
2026-07-30 18:00:00,29.11,11914.0,10921.54,2.65,26.5,7.8,0.0,9.235
2026-07-30 19:00:00,26.09,11835.0,10922.21,2.65,26.2,8.0,0.0,6.215
2026-07-30 20:00:00,38.97,11831.0,10924.92,2.65,25.4,8.2,0.0,19.095
2026-07-30 21:00:00,40.71,11617.0,10924.71,2.65,24.0,6.1,0.0,20.835
2026-07-30 22:00:00,30.39,11383.0,10925.42,2.65,22.4,5.4,0.0,10.515
2026-07-30 23:00:00,30.19,11132.0,10923.21,2.65,21.3,4.7,0.0,10.315
2026-07-31 01:00:00,22.3,10314.0,10895.88,2.59,18.9,4.8,0.0,2.875
2026-07-31 02:00:00,26.9,10046.0,10888.54,2.59,17.8,6.1,0.2,7.475
2026-07-31 03:00:00,26.38,9900.0,10885.08,2.59,16.5,7.0,1.5,6.955
2026-07-31 04:00:00,25.51,9789.0,10882.58,2.59,15.6,7.1,2.4,6.085
2026-07-31 05:00:00,22.64,9772.0,10881.71,2.59,14.9,6.8,3.1,3.215
2026-07-31 06:00:00,20.58,9845.0,10885.0,2.59,13.7,6.6,4.3,1.155
2026-07-31 07:00:00,18.9,10032.0,10893.75,2.59,14.3,5.9,3.7,-0.525
2026-07-31 08:00:00,19.42,10344.0,10907.21,2.59,16.1,4.5,1.9,-0.005
2026-07-31 09:00:00,21.21,10664.0,10917.04,2.59,18.8,3.3,0.0,1.785
2026-07-31 10:00:00,22.17,10900.0,10925.29,2.59,21.7,1.5,0.0,2.745
2026-07-31 11:00:00,23.33,11169.0,10936.38,2.59,24.3,0.7,0.0,3.905
2026-07-31 12:00:00,24.18,11373.0,10950.25,2.59,26.4,2.4,0.0,4.755
2026-07-31 13:00:00,26.95,11519.0,10965.62,2.59,28.1,4.0,0.0,7.525
2026-07-31 14:00:00,31.44,11691.0,10983.08,2.59,29.0,5.6,0.0,12.015
2026-07-31 15:00:00,32.21,11871.0,11000.12,2.59,29.5,7.8,0.0,12.785
2026-07-31 16:00:00,32.79,12006.0,11017.42,2.59,29.8,9.9,0.0,13.365
2026-07-31 17:00:00,36.65,12126.0,11036.5,2.59,29.8,11.6,0.0,17.225
2026-07-31 18:00:00,37.42,12164.0,11051.54,2.59,29.6,12.5,0.0,17.995
2026-07-31 19:00:00,74.73,12049.0,11057.17,2.59,28.9,12.7,0.0,55.305
2026-07-31 20:00:00,149.66,11857.0,11058.08,2.59,28.1,11.8,0.0,130.235
2026-07-31 21:00:00,228.43,11587.0,11047.92,2.59,26.3,9.1,0.0,209.005
2026-07-31 22:00:00,43.53,11399.0,11038.83,2.59,24.3,8.5,0.0,24.105
2026-07-31 23:00:00,34.08,11211.0,11031.67,2.59,23.3,9.4,0.0,14.655
2026-08-01 01:00:00,21.63,10457.0,11003.54,2.59,20.7,9.4,0.0,2.205
2026-08-01 02:00:00,18.87,10212.0,10999.29,2.59,19.8,9.8,0.0,-0.555
2026-08-01 03:00:00,17.82,10009.0,10997.75,2.59,18.9,8.9,0.0,-1.605
2026-08-01 04:00:00,13.9,9901.0,10997.79,2.59,18.0,7.5,0.0,-5.525
2026-08-01 05:00:00,11.63,9869.0,11001.12,2.59,16.7,5.1,1.3,-7.795
2026-08-01 06:00:00,11.12,9835.0,11003.75,2.59,14.4,3.9,3.6,-8.305
2026-08-01 07:00:00,9.34,9815.0,11002.5,2.59,14.2,6.1,3.8,-10.085
2026-08-01 08:00:00,2.62,9990.0,11000.75,2.59,15.9,6.3,2.1,-16.805
2026-08-01 09:00:00,5.63,10225.0,10995.79,2.59,19.7,4.7,0.0,-13.795
2026-08-01 10:00:00,12.91,10454.0,10987.04,2.59,24.1,5.1,0.0,-6.515
2026-08-01 11:00:00,11.5,10775.0,10981.83,2.59,28.1,8.4,0.0,-7.925
2026-08-01 12:00:00,7.84,11009.0,10975.17,2.59,30.9,12.5,0.0,-11.585
2026-08-01 13:00:00,6.89,11250.0,10970.04,2.59,32.7,19.8,0.0,-12.535
2026-08-01 14:00:00,0.0,11404.0,10965.25,2.59,33.5,19.5,0.0,-19.425
2026-08-01 15:00:00,1.81,11538.0,10958.88,2.59,34.1,21.4,0.0,-17.615
2026-08-01 16:00:00,0.03,11667.0,10950.38,2.59,33.7,22.0,0.0,-19.395
2026-08-01 17:00:00,3.82,11842.0,10943.54,2.59,32.9,25.3,0.0,-15.605
2026-08-01 18:00:00,8.62,11896.0,10933.96,2.59,33.0,25.0,0.0,-10.805
2026-08-01 19:00:00,11.58,11747.0,10916.58,2.59,31.4,23.6,0.0,-7.845
2026-08-01 20:00:00,8.38,11473.0,10892.58,2.59,29.6,22.6,0.0,-11.045
2026-08-01 21:00:00,14.27,11286.0,10868.79,2.59,27.3,22.6,0.0,-5.155
2026-08-01 22:00:00,11.96,11104.0,10848.67,2.59,25.5,18.3,0.0,-7.465
2026-08-01 23:00:00,5.85,10818.0,10824.46,2.59,24.1,10.7,0.0,-13.575
2026-08-02 01:00:00,0.0,10015.0,10774.62,2.59,21.2,22.2,0.0,-19.425
2026-08-02 02:00:00,0.0,9774.0,10746.17,2.59,18.9,13.7,0.0,-19.425
2026-08-02 03:00:00,0.0,9625.0,10721.71,2.59,17.4,4.9,0.6,-19.425
2026-08-02 04:00:00,0.0,9446.0,10698.25,2.59,16.9,12.6,1.1,-19.425
2026-08-02 05:00:00,0.0,9367.0,10676.0,2.59,15.7,19.5,2.3,-19.425
2026-08-02 06:00:00,0.02,9368.0,10655.12,2.59,14.5,11.9,3.5,-19.405
2026-08-02 07:00:00,8.03,9367.0,10635.62,2.59,14.4,13.0,3.6,-11.395
2026-08-02 08:00:00,22.14,9306.0,10614.42,2.59,15.0,15.6,3.0,2.715
2026-08-02 09:00:00,21.58,9460.0,10592.33,2.59,15.8,15.5,2.2,2.155
2026-08-02 10:00:00,17.82,9596.0,10566.12,2.59,17.0,16.1,1.0,-1.605
2026-08-02 11:00:00,3.05,9822.0,10539.79,2.59,18.4,16.3,0.0,-16.375
2026-08-02 12:00:00,0.0,9983.0,10506.79,2.59,19.6,17.2,0.0,-19.425
2026-08-02 13:00:00,0.01,10066.0,10467.5,2.59,20.4,15.6,0.0,-19.415
2026-08-02 14:00:00,1.13,10202.0,10423.83,2.59,21.2,16.2,0.0,-18.295
2026-08-02 15:00:00,3.63,10194.0,10373.42,2.59,21.5,17.9,0.0,-15.795
2026-08-02 16:00:00,2.24,10250.0,10319.75,2.59,21.5,17.3,0.0,-17.185
2026-08-02 17:00:00,1.15,10379.0,10266.08,2.59,21.3,16.4,0.0,-18.275
2026-08-02 18:00:00,6.28,10525.0,10211.21,2.59,21.0,18.4,0.0,-13.145
2026-08-02 19:00:00,1.88,10489.0,10152.58,2.59,19.6,19.6,0.0,-17.545
2026-08-02 20:00:00,0.02,10394.0,10096.21,2.59,14.3,26.7,3.7,-19.405
2026-08-02 21:00:00,1.04,10245.0,10045.04,2.59,12.6,26.8,5.4,-18.385
2026-08-02 22:00:00,11.4,10210.0,10000.21,2.59,11.0,26.6,7.0,-8.025
2026-08-02 23:00:00,0.38,10131.0,9959.67,2.59,10.0,25.6,8.0,-19.045
2026-08-03 01:00:00,0.0,9522.0,9905.67,2.81,8.9,12.0,9.1,-21.075
2026-08-03 02:00:00,5.29,9369.0,9878.75,2.81,9.2,8.7,8.8,-15.785
2026-08-03 03:00:00,6.48,9281.0,9858.21,2.81,9.8,12.7,8.2,-14.595
2026-08-03 04:00:00,11.05,9262.0,9843.08,2.81,9.8,14.3,8.2,-10.025
2026-08-03 05:00:00,13.79,9286.0,9836.42,2.81,9.6,15.3,8.4,-7.285
2026-08-03 06:00:00,11.19,9257.0,9831.83,2.81,8.7,6.3,9.3,-9.885
2026-08-03 07:00:00,6.66,9294.0,9828.75,2.81,9.4,10.4,8.6,-14.415
2026-08-03 08:00:00,16.28,9475.0,9833.25,2.81,10.6,14.0,7.4,-4.795
2026-08-03 09:00:00,20.34,9703.0,9849.79,2.81,11.5,16.0,6.5,-0.735
2026-08-03 10:00:00,19.95,9850.0,9866.04,2.81,13.1,18.6,4.9,-1.125
2026-08-03 11:00:00,14.61,9998.0,9882.79,2.81,14.3,19.2,3.7,-6.465
2026-08-03 12:00:00,6.36,10164.0,9897.04,2.81,15.3,20.5,2.7,-14.715
2026-08-03 13:00:00,6.66,10266.0,9908.83,2.81,15.4,18.0,2.6,-14.415
2026-08-03 14:00:00,10.12,10250.0,9916.5,2.81,16.7,16.6,1.3,-10.955
2026-08-03 15:00:00,12.13,10245.0,9918.29,2.81,17.4,15.7,0.6,-8.945
2026-08-03 16:00:00,13.88,10337.0,9924.25,2.81,17.7,15.6,0.3,-7.195
2026-08-03 17:00:00,9.04,10464.0,9933.17,2.81,18.4,14.3,0.0,-12.035
2026-08-03 18:00:00,11.1,10510.0,9938.62,2.81,18.7,12.1,0.0,-9.975
2026-08-03 19:00:00,13.17,10525.0,9938.62,2.81,18.4,10.7,0.0,-7.905
2026-08-03 20:00:00,32.43,10594.0,9943.0,2.81,17.9,9.8,0.1,11.355
2026-08-03 21:00:00,142.32,10497.0,9947.29,2.81,15.8,6.5,2.2,121.245
2026-08-03 22:00:00,103.1,10342.0,9951.33,2.81,14.5,2.8,3.5,82.025
2026-08-03 23:00:00,142.62,10181.0,9950.12,2.81,14.3,0.8,3.7,121.545
2026-08-04 01:00:00,30.14,9673.0,9931.04,2.74,11.7,5.2,6.3,9.59
2026-08-04 02:00:00,31.69,9512.0,9930.62,2.74,10.8,7.3,7.2,11.14
2026-08-04 03:00:00,29.76,9420.0,9932.75,2.74,10.1,7.2,7.9,9.21
2026-08-04 04:00:00,27.82,9383.0,9937.0,2.74,9.4,7.5,8.6,7.27
2026-08-04 05:00:00,21.17,9375.0,9941.71,2.74,8.9,7.9,9.1,0.62
2026-08-04 06:00:00,20.61,9459.0,9948.92,2.74,8.4,10.1,9.6,0.06
2026-08-04 07:00:00,21.71,9695.0,9967.17,2.74,9.1,9.8,8.9,1.16
2026-08-04 08:00:00,23.06,10034.0,9998.0,2.74,10.4,9.4,7.6,2.51
2026-08-04 09:00:00,19.6,10251.0,10030.33,2.74,13.3,5.5,4.7,-0.95
2026-08-04 10:00:00,23.9,10428.0,10060.54,2.74,16.8,5.5,1.2,3.35
2026-08-04 11:00:00,21.47,10514.0,10088.21,2.74,18.6,3.4,0.0,0.92
2026-08-04 12:00:00,20.51,10583.0,10112.58,2.74,20.1,3.5,0.0,-0.04
2026-08-04 13:00:00,20.51,10714.0,10135.5,2.74,21.3,4.4,0.0,-0.04
2026-08-04 14:00:00,20.51,10819.0,10158.54,2.74,22.2,3.8,0.0,-0.04
2026-08-04 15:00:00,20.21,10926.0,10186.71,2.74,23.0,3.1,0.0,-0.34
2026-08-04 16:00:00,20.2,11016.0,10218.83,2.74,23.4,6.2,0.0,-0.35
2026-08-04 17:00:00,20.47,11116.0,10251.29,2.74,23.4,9.4,0.0,-0.08
2026-08-04 18:00:00,21.24,11177.0,10281.0,2.74,23.5,11.5,0.0,0.69
2026-08-04 19:00:00,21.68,11073.0,10304.46,2.74,23.2,9.0,0.0,1.13
2026-08-04 20:00:00,28.19,10932.0,10321.42,2.74,22.7,8.6,0.0,7.64
2026-08-04 21:00:00,51.05,10853.0,10332.21,2.74,21.0,8.2,0.0,30.5
2026-08-04 22:00:00,47.59,10709.0,10341.04,2.74,19.1,8.8,0.0,27.04
2026-08-04 23:00:00,34.43,10443.0,10345.25,2.74,18.1,7.8,0.0,13.88
2026-08-05 01:00:00,14.43,9821.0,10330.25,2.6,16.9,14.3,1.1,-5.07
2026-08-05 02:00:00,10.67,9655.0,10329.5,2.6,15.5,16.2,2.5,-8.83
2026-08-05 03:00:00,3.22,9537.0,10330.54,2.6,14.5,10.3,3.5,-16.28
2026-08-05 04:00:00,0.86,9427.0,10330.83,2.6,13.5,9.4,4.5,-18.64
2026-08-05 05:00:00,5.81,9358.0,10329.79,2.6,13.1,10.2,4.9,-13.69
2026-08-05 06:00:00,18.33,9548.0,10337.0,2.6,12.2,12.3,5.8,-1.17
2026-08-05 07:00:00,15.7,9712.0,10347.54,2.6,12.8,11.6,5.2,-3.8
2026-08-05 08:00:00,19.72,10043.0,10362.04,2.6,14.2,9.9,3.8,0.22
2026-08-05 09:00:00,21.24,10288.0,10372.62,2.6,16.8,7.1,1.2,1.74
2026-08-05 10:00:00,20.2,10479.0,10382.12,2.6,19.7,8.0,0.0,0.7
2026-08-05 11:00:00,21.07,10615.0,10389.92,2.6,21.3,5.7,0.0,1.57
2026-08-05 12:00:00,27.5,10803.0,10401.96,2.6,22.5,3.5,0.0,8.0
2026-08-05 13:00:00,27.88,10896.0,10415.0,2.6,24.0,3.6,0.0,8.38
2026-08-05 14:00:00,27.92,11034.0,10428.33,2.6,24.6,2.8,0.0,8.42
2026-08-05 15:00:00,29.49,11105.0,10440.25,2.6,25.4,1.8,0.0,9.99
2026-08-05 16:00:00,29.55,11215.0,10452.29,2.6,25.5,6.4,0.0,10.05
2026-08-05 17:00:00,28.49,11270.0,10462.88,2.6,25.0,8.5,0.0,8.99
2026-08-05 18:00:00,32.82,11326.0,10471.62,2.6,25.3,9.8,0.0,13.32
2026-08-05 19:00:00,23.74,11206.0,10472.83,2.6,24.7,11.1,0.0,4.24
2026-08-05 20:00:00,31.5,11118.0,10474.71,2.6,23.5,11.5,0.0,12.0
2026-08-05 21:00:00,49.21,10983.0,10476.83,2.6,21.8,8.6,0.0,29.71
2026-08-05 22:00:00,60.59,10876.0,10477.79,2.6,20.5,8.9,0.0,41.09
2026-08-05 23:00:00,51.44,10595.0,10473.04,2.6,19.7,7.1,0.0,31.94
2026-08-06 01:00:00,17.53,9805.0,10446.46,2.6,17.5,2.4,0.5,-1.97
2026-08-06 02:00:00,10.89,9585.0,10436.62,2.6,16.6,6.0,1.4,-8.61
2026-08-06 03:00:00,8.96,9433.0,10427.38,2.6,15.5,10.9,2.5,-10.54
2026-08-06 04:00:00,7.06,9353.0,10419.71,2.6,16.4,18.0,1.6,-12.44
2026-08-06 05:00:00,4.61,9377.0,10417.62,2.6,16.7,23.9,1.3,-14.89
2026-08-06 06:00:00,0.02,9528.0,10424.71,2.6,14.1,23.1,3.9,-19.48
2026-08-06 07:00:00,0.0,9767.0,10433.83,2.6,12.5,16.9,5.5,-19.5
2026-08-06 08:00:00,0.0,10146.0,10451.92,2.6,13.0,13.5,5.0,-19.5
2026-08-06 09:00:00,0.0,10324.0,10463.62,2.6,13.8,12.8,4.2,-19.5
2026-08-06 10:00:00,0.0,10507.0,10472.75,2.6,15.0,12.4,3.0,-19.5
2026-08-06 11:00:00,5.52,10602.0,10477.88,2.6,15.9,10.6,2.1,-13.98
2026-08-06 12:00:00,13.83,10635.0,10478.71,2.6,15.5,9.7,2.5,-5.67
2026-08-06 13:00:00,16.04,10664.0,10472.92,2.6,16.2,8.6,1.8,-3.46
2026-08-06 14:00:00,18.24,10735.0,10466.21,2.6,16.9,8.3,1.1,-1.26
2026-08-06 15:00:00,18.84,10684.0,10451.62,2.6,17.8,7.5,0.2,-0.66
2026-08-06 16:00:00,16.28,10696.0,10434.58,2.6,18.1,6.8,0.0,-3.22
2026-08-06 17:00:00,18.15,10757.0,10415.5,2.6,18.5,5.1,0.0,-1.35
2026-08-06 18:00:00,19.08,10735.0,10393.21,2.6,18.6,2.5,0.0,-0.42
2026-08-06 19:00:00,22.76,10677.0,10366.17,2.6,18.7,1.9,0.0,3.26
2026-08-06 20:00:00,78.8,10616.0,10341.58,2.6,18.1,1.8,0.0,59.3
2026-08-06 21:00:00,481.81,10507.0,10316.12,2.6,17.6,6.6,0.4,462.31
2026-08-06 22:00:00,286.84,10325.0,10288.71,2.6,16.6,3.0,1.4,267.34
2026-08-06 23:00:00,509.15,10136.0,10257.88,2.6,16.1,1.4,1.9,489.65
2026-08-07 01:00:00,27.95,9693.0,10220.29,2.56,13.5,2.5,4.5,8.75
2026-08-07 02:00:00,23.04,9473.0,10206.46,2.56,12.5,4.5,5.5,3.84
2026-08-07 03:00:00,22.03,9357.0,10196.96,2.56,11.6,6.2,6.4,2.83
2026-08-07 04:00:00,22.6,9361.0,10193.96,2.56,11.0,5.8,7.0,3.4
2026-08-07 05:00:00,26.16,9425.0,10196.96,2.56,10.6,5.3,7.4,6.96
2026-08-07 06:00:00,27.18,9505.0,10202.29,2.56,9.2,3.7,8.8,7.98
2026-08-07 07:00:00,26.64,9643.0,10207.08,2.56,9.5,6.2,8.5,7.44
2026-08-07 08:00:00,24.06,9959.0,10215.08,2.56,10.5,4.7,7.5,4.86
2026-08-07 09:00:00,21.68,10173.0,10216.21,2.56,12.5,5.1,5.5,2.48
2026-08-07 10:00:00,21.87,10310.0,10215.62,2.56,14.8,6.7,3.2,2.67
2026-08-07 11:00:00,21.09,10408.0,10211.5,2.56,17.1,7.5,0.9,1.89
2026-08-07 12:00:00,20.03,10545.0,10209.12,2.56,19.3,7.0,0.0,0.83
2026-08-07 13:00:00,18.77,10639.0,10209.29,2.56,21.8,7.2,0.0,-0.43
2026-08-07 14:00:00,20.29,10721.0,10211.67,2.56,23.6,8.4,0.0,1.09
2026-08-07 15:00:00,21.25,10777.0,10213.42,2.56,24.8,9.8,0.0,2.05
2026-08-07 16:00:00,24.15,10870.0,10221.17,2.56,25.3,10.0,0.0,4.95
2026-08-07 17:00:00,22.97,11034.0,10235.25,2.56,25.4,10.0,0.0,3.77
2026-08-07 18:00:00,37.57,11103.0,10249.67,2.56,25.1,11.0,0.0,18.37
2026-08-07 19:00:00,62.28,11016.0,10261.38,2.56,24.3,10.6,0.0,43.08
2026-08-07 20:00:00,91.14,10889.0,10270.21,2.56,23.5,9.0,0.0,71.94
2026-08-07 21:00:00,82.48,10752.0,10275.88,2.56,22.0,5.8,0.0,63.28
2026-08-07 22:00:00,92.5,10659.0,10282.21,2.56,20.3,7.5,0.0,73.3
2026-08-07 23:00:00,57.58,10404.0,10285.5,2.56,18.8,8.4,0.0,38.38
2026-08-08 01:00:00,21.36,9785.0,10270.88,2.56,17.1,1.5,0.9,2.16
2026-08-08 02:00:00,15.68,9603.0,10267.12,2.56,16.3,7.4,1.7,-3.52
2026-08-08 03:00:00,7.91,9483.0,10267.54,2.56,15.6,9.5,2.4,-11.29
2026-08-08 04:00:00,1.3,9355.0,10267.46,2.56,14.6,9.7,3.4,-17.9
2026-08-08 05:00:00,8.45,9316.0,10265.58,2.56,13.8,7.4,4.2,-10.75
2026-08-08 06:00:00,9.18,9338.0,10261.96,2.56,12.7,8.8,5.3,-10.02
2026-08-08 07:00:00,11.71,9365.0,10256.12,2.56,12.9,8.1,5.1,-7.49
2026-08-08 08:00:00,17.89,9552.0,10252.33,2.56,14.3,7.9,3.7,-1.31
2026-08-08 09:00:00,20.75,9745.0,10243.42,2.56,17.3,5.0,0.7,1.55
2026-08-08 10:00:00,20.14,9969.0,10234.92,2.56,19.8,1.1,0.0,0.94
2026-08-08 11:00:00,20.38,10146.0,10228.08,2.56,21.3,4.5,0.0,1.18
2026-08-08 12:00:00,20.21,10246.0,10221.33,2.56,22.6,6.7,0.0,1.01
2026-08-08 13:00:00,20.22,10324.0,10212.12,2.56,23.8,9.6,0.0,1.02
2026-08-08 14:00:00,20.03,10422.0,10203.08,2.56,24.5,9.9,0.0,0.83
2026-08-08 15:00:00,20.52,10495.0,10193.67,2.56,25.2,10.5,0.0,1.32
2026-08-08 16:00:00,24.77,10626.0,10187.38,2.56,25.4,11.3,0.0,5.57
2026-08-08 17:00:00,36.23,10748.0,10182.29,2.56,24.5,9.3,0.0,17.03
2026-08-08 18:00:00,34.26,10832.0,10173.88,2.56,25.0,12.4,0.0,15.06
2026-08-08 19:00:00,42.31,10815.0,10161.88,2.56,20.5,5.1,0.0,23.11
2026-08-08 20:00:00,41.13,10702.0,10148.79,2.56,19.0,12.8,0.0,21.93
2026-08-08 21:00:00,24.53,10563.0,10135.21,2.56,16.4,16.5,1.6,5.33
2026-08-08 22:00:00,28.81,10532.0,10126.04,2.56,15.8,13.6,2.2,9.61
2026-08-08 23:00:00,20.21,10227.0,10108.04,2.56,15.5,4.5,2.5,1.01
2026-08-09 01:00:00,19.27,9656.0,10076.88,2.56,13.4,6.5,4.6,0.07
2026-08-09 02:00:00,9.91,9434.0,10062.25,2.56,12.9,6.9,5.1,-9.29
2026-08-09 03:00:00,4.16,9355.0,10051.92,2.56,12.4,2.2,5.6,-15.04
2026-08-09 04:00:00,6.26,9247.0,10042.08,2.56,12.0,3.1,6.0,-12.94
2026-08-09 05:00:00,11.05,9270.0,10038.54,2.56,11.6,4.9,6.4,-8.15
2026-08-09 06:00:00,20.9,9273.0,10036.75,2.56,11.5,3.8,6.5,1.7
2026-08-09 07:00:00,22.71,9269.0,10033.88,2.56,11.8,3.5,6.2,3.51
2026-08-09 08:00:00,22.25,9375.0,10034.29,2.56,12.4,3.2,5.6,3.05
2026-08-09 09:00:00,21.18,9576.0,10035.29,2.56,14.1,4.1,3.9,1.98
2026-08-09 10:00:00,19.81,9782.0,10036.83,2.56,16.0,4.7,2.0,0.61
2026-08-09 11:00:00,20.39,9981.0,10037.33,2.56,18.0,4.5,0.0,1.19
2026-08-09 12:00:00,21.07,10191.0,10039.21,2.56,19.3,5.6,0.0,1.87
2026-08-09 13:00:00,21.66,10317.0,10042.17,2.56,20.6,7.7,0.0,2.46
2026-08-09 14:00:00,22.46,10406.0,10045.58,2.56,21.5,7.8,0.0,3.26
2026-08-09 15:00:00,23.66,10525.0,10049.88,2.56,22.3,7.7,0.0,4.46
2026-08-09 16:00:00,23.22,10670.0,10057.17,2.56,22.3,6.6,0.0,4.02
2026-08-09 17:00:00,36.34,10866.0,10067.17,2.56,21.7,7.2,0.0,17.14
2026-08-09 18:00:00,43.57,11054.0,10079.92,2.56,21.7,10.1,0.0,24.37
2026-08-09 19:00:00,45.51,10948.0,10084.75,2.56,21.6,9.0,0.0,26.31
2026-08-09 20:00:00,41.69,10813.0,10084.67,2.56,21.2,8.5,0.0,22.49
2026-08-09 21:00:00,56.21,10677.0,10083.62,2.56,19.8,5.0,0.0,37.01
2026-08-09 22:00:00,34.3,10645.0,10087.04,2.56,18.6,9.3,0.0,15.1
2026-08-09 23:00:00,25.14,10408.0,10081.88,2.56,17.9,7.2,0.1,5.94
2026-08-10 01:00:00,21.46,9735.0,10061.38,2.72,15.1,8.5,2.9,1.06
2026-08-10 02:00:00,21.18,9582.0,10058.29,2.72,15.2,9.1,2.8,0.78
2026-08-10 03:00:00,17.03,9460.0,10059.38,2.72,14.8,3.0,3.2,-3.37
2026-08-10 04:00:00,15.2,9428.0,10062.42,2.72,13.9,8.0,4.1,-5.2
2026-08-10 05:00:00,16.6,9460.0,10071.29,2.72,13.5,7.6,4.5,-3.8
2026-08-10 06:00:00,18.82,9634.0,10086.46,2.72,12.6,3.1,5.4,-1.58
2026-08-10 07:00:00,18.25,9893.0,10112.29,2.72,13.1,6.9,4.9,-2.15
2026-08-10 08:00:00,20.4,10174.0,10150.0,2.72,13.3,8.7,4.7,-0.0
2026-08-10 09:00:00,22.97,10323.0,10189.5,2.72,14.7,9.4,3.3,2.57
2026-08-10 10:00:00,21.62,10436.0,10225.33,2.72,15.8,14.1,2.2,1.22
2026-08-10 11:00:00,22.14,10552.0,10257.42,2.72,16.4,10.8,1.6,1.74
2026-08-10 12:00:00,22.4,10710.0,10287.79,2.72,18.6,10.2,0.0,2.0
2026-08-10 13:00:00,24.23,10852.0,10315.33,2.72,18.8,10.1,0.0,3.83
2026-08-10 14:00:00,24.56,10930.0,10340.88,2.72,20.0,10.8,0.0,4.16
2026-08-10 15:00:00,26.09,11029.0,10366.83,2.72,21.0,4.6,0.0,5.69
2026-08-10 16:00:00,29.54,11063.0,10389.25,2.72,19.7,5.4,0.0,9.14
2026-08-10 17:00:00,43.69,11065.0,10405.71,2.72,20.2,5.6,0.0,23.29
2026-08-10 18:00:00,64.29,11039.0,10412.92,2.72,17.1,10.4,0.9,43.89
2026-08-10 19:00:00,45.35,10869.0,10405.21,2.72,16.8,12.0,1.2,24.95
2026-08-10 20:00:00,22.63,10695.0,10394.67,2.72,16.6,6.9,1.4,2.23
2026-08-10 21:00:00,19.41,10595.0,10385.58,2.72,16.0,3.9,2.0,-0.99
2026-08-10 22:00:00,19.39,10505.0,10378.42,2.72,15.2,7.0,2.8,-1.01
2026-08-10 23:00:00,18.56,10278.0,10363.12,2.72,14.3,4.9,3.7,-1.84
2026-08-11 01:00:00,14.43,9680.0,10332.79,2.79,13.5,6.7,4.5,-6.495
2026-08-11 02:00:00,17.6,9521.0,10323.88,2.79,13.1,5.1,4.9,-3.325
2026-08-11 03:00:00,13.95,9437.0,10317.83,2.79,12.8,3.2,5.2,-6.975
2026-08-11 04:00:00,15.99,9400.0,10315.33,2.79,12.6,2.3,5.4,-4.935
2026-08-11 05:00:00,20.11,9379.0,10313.29,2.79,12.5,4.1,5.5,-0.815
2026-08-11 06:00:00,25.09,9525.0,10316.0,2.79,13.0,1.9,5.0,4.165
2026-08-11 07:00:00,25.5,9685.0,10318.12,2.79,13.3,0.2,4.7,4.575
2026-08-11 08:00:00,26.36,9982.0,10321.83,2.79,13.6,5.2,4.4,5.435
2026-08-11 09:00:00,27.11,10207.0,10323.21,2.79,14.3,6.1,3.7,6.185
2026-08-11 10:00:00,27.03,10332.0,10323.58,2.79,14.9,4.7,3.1,6.105
2026-08-11 11:00:00,27.05,10432.0,10323.42,2.79,15.8,6.5,2.2,6.125
2026-08-11 12:00:00,26.67,10415.0,10317.71,2.79,15.9,7.2,2.1,5.745
2026-08-11 13:00:00,26.6,10489.0,10308.5,2.79,16.9,8.5,1.1,5.675
2026-08-11 14:00:00,23.21,10588.0,10297.5,2.79,17.5,8.1,0.5,2.285
2026-08-11 15:00:00,19.75,10553.0,10281.79,2.79,18.9,8.5,0.0,-1.175
2026-08-11 16:00:00,19.73,10569.0,10262.62,2.79,18.3,7.8,0.0,-1.195
2026-08-11 17:00:00,16.39,10683.0,10246.79,2.79,15.8,6.0,2.2,-4.535
2026-08-11 18:00:00,50.78,10738.0,10233.17,2.79,16.0,4.2,2.0,29.855
2026-08-11 19:00:00,24.81,10567.0,10213.5,2.79,15.7,10.9,2.3,3.885
2026-08-11 20:00:00,12.67,10450.0,10196.04,2.79,14.2,1.7,3.8,-8.255
2026-08-11 21:00:00,18.83,10388.0,10183.25,2.79,13.9,7.0,4.1,-2.095
2026-08-11 22:00:00,18.42,10353.0,10173.17,2.79,13.4,10.3,4.6,-2.505
2026-08-11 23:00:00,19.41,10153.0,10158.5,2.79,13.4,9.5,4.6,-1.515
2026-08-12 01:00:00,23.85,9613.0,10130.79,2.82,12.2,9.2,5.8,2.7
2026-08-12 02:00:00,25.01,9445.0,10121.0,2.82,11.5,8.7,6.5,3.86
2026-08-12 03:00:00,24.0,9334.0,10113.21,2.82,11.2,10.1,6.8,2.85
2026-08-12 04:00:00,25.62,9277.0,10106.54,2.82,10.8,9.4,7.2,4.47
2026-08-12 05:00:00,22.05,9270.0,10101.12,2.82,10.6,9.4,7.4,0.9
2026-08-12 06:00:00,23.72,9367.0,10100.62,2.82,10.2,8.4,7.8,2.57
2026-08-12 07:00:00,25.01,9569.0,10102.46,2.82,10.7,8.0,7.3,3.86
2026-08-12 08:00:00,23.98,9843.0,10109.04,2.82,11.3,7.7,6.7,2.83
2026-08-12 09:00:00,26.53,10081.0,10113.17,2.82,12.0,7.8,6.0,5.38
2026-08-12 10:00:00,26.17,10207.0,10113.17,2.82,12.8,8.3,5.2,5.02
2026-08-12 11:00:00,28.38,10307.0,10112.12,2.82,13.7,8.9,4.3,7.23
2026-08-12 12:00:00,39.25,10395.0,10110.58,2.82,14.1,6.0,3.9,18.1
2026-08-12 13:00:00,116.23,10310.0,10106.21,2.82,14.0,6.3,4.0,95.08
2026-08-12 14:00:00,68.77,10390.0,10102.08,2.82,14.6,4.5,3.4,47.62
2026-08-12 15:00:00,42.86,10410.0,10094.67,2.82,15.2,3.9,2.8,21.71
2026-08-12 16:00:00,28.47,10455.0,10090.58,2.82,15.6,3.4,2.4,7.32
2026-08-12 17:00:00,32.75,10467.0,10086.33,2.82,15.3,3.1,2.7,11.6
2026-08-12 18:00:00,46.65,10449.0,10076.58,2.82,15.6,1.4,2.4,25.5
2026-08-12 19:00:00,26.33,10302.0,10058.42,2.82,15.4,0.7,2.6,5.18
2026-08-12 20:00:00,26.19,10194.0,10042.88,2.82,14.5,3.8,3.5,5.04
2026-08-12 21:00:00,27.51,10205.0,10032.67,2.82,12.8,4.3,5.2,6.36
2026-08-12 22:00:00,52.76,10243.0,10026.62,2.82,12.5,5.6,5.5,31.61
2026-08-12 23:00:00,92.75,10009.0,10012.29,2.82,11.6,5.9,6.4,71.6
2026-08-13 01:00:00,49.14,9488.0,9984.58,2.82,10.8,3.6,7.2,27.99
2026-08-13 02:00:00,45.0,9340.0,9973.21,2.82,10.1,4.0,7.9,23.85
2026-08-13 03:00:00,36.53,9271.0,9965.96,2.82,9.6,6.5,8.4,15.38
2026-08-13 04:00:00,28.52,9239.0,9962.0,2.82,9.5,6.7,8.5,7.37
2026-08-13 05:00:00,28.49,9261.0,9961.33,2.82,9.2,7.9,8.8,7.34
2026-08-13 06:00:00,30.99,9389.0,9966.29,2.82,9.0,9.3,9.0,9.84
2026-08-13 07:00:00,31.72,9582.0,9975.25,2.82,9.3,10.2,8.7,10.57
2026-08-13 08:00:00,31.72,9883.0,9988.33,2.82,9.9,12.3,8.1,10.57
2026-08-13 09:00:00,31.72,10090.0,9998.62,2.82,10.4,12.0,7.6,10.57
2026-08-13 10:00:00,35.62,10283.0,10007.04,2.82,11.4,10.5,6.6,14.47
2026-08-13 11:00:00,53.49,10378.0,10014.17,2.82,12.1,10.5,5.9,32.34
2026-08-13 12:00:00,68.97,10320.0,10014.71,2.82,12.5,12.5,5.5,47.82
2026-08-13 13:00:00,69.11,10368.0,10013.58,2.82,12.0,13.9,6.0,47.96
2026-08-13 14:00:00,51.53,10394.0,10017.08,2.82,12.1,12.1,5.9,30.38
2026-08-13 15:00:00,30.42,10366.0,10016.08,2.82,12.4,10.3,5.6,9.27
2026-08-13 16:00:00,29.45,10445.0,10017.54,2.82,12.0,9.2,6.0,8.3
2026-08-13 17:00:00,28.42,10493.0,10019.12,2.82,11.8,8.2,6.2,7.27
2026-08-13 18:00:00,27.87,10528.0,10021.67,2.82,10.8,6.0,7.2,6.72
2026-08-13 19:00:00,21.7,10380.0,10018.79,2.82,11.0,5.8,7.0,0.55
2026-08-13 20:00:00,21.17,10300.0,10018.71,2.82,10.9,5.4,7.1,0.02
2026-08-13 21:00:00,19.86,10257.0,10021.33,2.82,10.5,3.4,7.5,-1.29
2026-08-13 22:00:00,21.24,10206.0,10021.38,2.82,10.3,4.8,7.7,0.09
2026-08-13 23:00:00,20.84,9957.0,10009.46,2.82,10.2,4.4,7.8,-0.31
2026-08-14 01:00:00,23.24,9426.0,9985.17,2.79,10.2,4.8,7.8,2.315
2026-08-14 02:00:00,24.77,9331.0,9978.62,2.79,10.1,4.2,7.9,3.845
2026-08-14 03:00:00,24.66,9249.0,9974.83,2.79,10.0,5.0,8.0,3.735
2026-08-14 04:00:00,26.24,9244.0,9973.71,2.79,9.9,5.3,8.1,5.315
2026-08-14 05:00:00,26.83,9291.0,9975.88,2.79,9.5,5.2,8.5,5.905
2026-08-14 06:00:00,31.57,9426.0,9982.75,2.79,9.5,5.2,8.5,10.645
2026-08-14 07:00:00,28.33,9570.0,9990.29,2.79,9.6,5.1,8.4,7.405
2026-08-14 08:00:00,28.89,9877.0,10002.58,2.79,9.9,5.0,8.1,7.965
2026-08-14 09:00:00,38.48,10088.0,10011.12,2.79,10.4,4.1,7.6,17.555
2026-08-14 10:00:00,28.9,10245.0,10017.58,2.79,11.3,3.4,6.7,7.975
2026-08-14 11:00:00,37.13,10386.0,10021.88,2.79,11.8,3.7,6.2,16.205
2026-08-14 12:00:00,28.5,10406.0,10023.04,2.79,11.9,4.4,6.1,7.575
2026-08-14 13:00:00,30.92,10407.0,10026.67,2.79,12.4,5.2,5.6,9.995
2026-08-14 14:00:00,52.77,10484.0,10031.5,2.79,12.7,5.7,5.3,31.845
2026-08-14 15:00:00,54.45,10499.0,10035.88,2.79,13.5,5.3,4.5,33.525
2026-08-14 16:00:00,93.43,10483.0,10040.75,2.79,14.0,4.8,4.0,72.505
2026-08-14 17:00:00,72.16,10467.0,10041.67,2.79,13.9,5.8,4.1,51.235
2026-08-14 18:00:00,49.6,10430.0,10039.04,2.79,13.6,6.5,4.4,28.675
2026-08-14 19:00:00,50.0,10297.0,10029.42,2.79,13.6,6.4,4.4,29.075
2026-08-14 20:00:00,28.88,10152.0,10019.92,2.79,13.1,6.2,4.9,7.955
2026-08-14 21:00:00,53.2,10088.0,10011.08,2.79,12.1,4.0,5.9,32.275
2026-08-14 22:00:00,75.83,10123.0,10005.5,2.79,11.9,3.9,6.1,54.905
2026-08-14 23:00:00,78.86,9954.0,9995.0,2.79,11.6,5.1,6.4,57.935
2026-08-15 01:00:00,41.67,9520.0,9976.79,2.79,10.1,4.0,7.9,20.745
2026-08-15 02:00:00,58.99,9344.0,9973.38,2.79,9.3,4.0,8.7,38.065
2026-08-15 03:00:00,38.59,9214.0,9968.5,2.79,8.8,3.8,9.2,17.665
2026-08-15 04:00:00,27.33,9125.0,9963.33,2.79,8.3,4.3,9.7,6.405
2026-08-15 05:00:00,26.63,9153.0,9959.54,2.79,7.9,4.3,10.1,5.705
2026-08-15 06:00:00,26.19,9175.0,9954.71,2.79,7.3,4.4,10.7,5.265
2026-08-15 07:00:00,26.03,9182.0,9944.54,2.79,7.0,4.0,11.0,5.105
2026-08-15 08:00:00,23.68,9285.0,9932.67,2.79,8.2,4.1,9.8,2.755
2026-08-15 09:00:00,22.99,9501.0,9917.0,2.79,10.0,2.9,8.0,2.065
2026-08-15 10:00:00,23.88,9688.0,9900.33,2.79,12.0,4.1,6.0,2.955
2026-08-15 11:00:00,22.48,9842.0,9883.54,2.79,14.0,6.8,4.0,1.555
2026-08-15 12:00:00,22.65,9968.0,9866.12,2.79,16.1,6.9,1.9,1.725
2026-08-15 13:00:00,22.49,10020.0,9850.04,2.79,17.5,8.1,0.5,1.565
2026-08-15 14:00:00,23.81,10082.0,9836.5,2.79,18.7,8.6,0.0,2.885
2026-08-15 15:00:00,24.55,10068.0,9819.17,2.79,19.5,9.3,0.0,3.625
2026-08-15 16:00:00,23.68,10164.0,9805.21,2.79,20.0,8.9,0.0,2.755
2026-08-15 17:00:00,25.08,10321.0,9798.46,2.79,20.3,8.2,0.0,4.155
2026-08-15 18:00:00,26.83,10473.0,9798.71,2.79,20.4,8.1,0.0,5.905
2026-08-15 19:00:00,32.72,10519.0,9802.42,2.79,20.1,8.1,0.0,11.795
2026-08-15 20:00:00,43.7,10458.0,9809.12,2.79,18.8,4.8,0.0,22.775
2026-08-15 21:00:00,76.68,10303.0,9815.42,2.79,17.3,6.4,0.7,55.755
2026-08-15 22:00:00,60.0,10265.0,9822.79,2.79,16.4,8.9,1.6,39.075
2026-08-15 23:00:00,84.05,10052.0,9819.83,2.79,15.4,7.6,2.6,63.125
2026-08-16 01:00:00,39.08,9493.0,9800.62,2.79,13.5,4.5,4.5,18.155
2026-08-16 02:00:00,23.85,9331.0,9792.75,2.79,13.1,4.9,4.9,2.925
2026-08-16 03:00:00,31.19,9212.0,9787.25,2.79,12.7,6.0,5.3,10.265
2026-08-16 04:00:00,56.05,9172.0,9785.5,2.79,11.9,5.4,6.1,35.125
2026-08-16 05:00:00,47.21,9131.0,9785.75,2.79,10.8,4.7,7.2,26.285
2026-08-16 06:00:00,26.33,9079.0,9782.67,2.79,9.7,10.6,8.3,5.405
2026-08-16 07:00:00,24.2,9027.0,9776.5,2.79,10.8,11.2,7.2,3.275
2026-08-16 08:00:00,22.61,9168.0,9775.92,2.79,12.2,10.6,5.8,1.685
2026-08-16 09:00:00,20.25,9407.0,9781.0,2.79,14.5,9.5,3.5,-0.675
2026-08-16 10:00:00,20.2,9632.0,9786.46,2.79,17.1,7.9,0.9,-0.725
2026-08-16 11:00:00,20.0,9808.0,9791.46,2.79,19.1,8.5,0.0,-0.925
2026-08-16 12:00:00,23.29,10012.0,9798.54,2.79,20.4,5.4,0.0,2.365
2026-08-16 13:00:00,23.33,10156.0,9806.38,2.79,21.4,4.9,0.0,2.405
2026-08-16 14:00:00,23.28,10264.0,9816.54,2.79,21.8,3.3,0.0,2.355
2026-08-16 15:00:00,21.74,10348.0,9827.62,2.79,22.2,2.4,0.0,0.815
2026-08-16 16:00:00,22.33,10449.0,9843.5,2.79,22.3,3.1,0.0,1.405
2026-08-16 17:00:00,20.02,10657.0,9864.04,2.79,22.0,2.7,0.0,-0.905
2026-08-16 18:00:00,22.85,10794.0,9883.75,2.79,22.6,1.7,0.0,1.925
2026-08-16 19:00:00,24.9,10757.0,9895.58,2.79,21.8,2.2,0.0,3.975
2026-08-16 20:00:00,57.47,10718.0,9903.88,2.79,20.3,3.1,0.0,36.545
2026-08-16 21:00:00,83.74,10576.0,9908.79,2.79,18.0,7.5,0.0,62.815
2026-08-16 22:00:00,85.38,10487.0,9916.46,2.79,16.7,8.7,1.3,64.455
2026-08-16 23:00:00,107.37,10103.0,9909.71,2.79,16.2,9.3,1.8,86.445
2026-08-17 01:00:00,33.14,9568.0,9889.54,2.77,14.4,1.1,3.6,12.365
2026-08-17 02:00:00,24.17,9407.0,9885.96,2.77,13.8,6.1,4.2,3.395
2026-08-17 03:00:00,23.12,9308.0,9885.0,2.77,13.2,7.0,4.8,2.345
2026-08-17 04:00:00,24.14,9261.0,9887.04,2.77,12.4,5.0,5.6,3.365
2026-08-17 05:00:00,23.53,9293.0,9892.08,2.77,11.9,6.3,6.1,2.755
2026-08-17 06:00:00,25.37,9392.0,9902.96,2.77,10.8,10.2,7.2,4.595
2026-08-17 07:00:00,25.5,9610.0,9925.08,2.77,10.9,10.5,7.1,4.725
2026-08-17 08:00:00,28.15,9971.0,9964.42,2.77,11.9,5.8,6.1,7.375
2026-08-17 09:00:00,29.63,10261.0,10009.96,2.77,12.8,6.6,5.2,8.855
2026-08-17 10:00:00,24.63,10406.0,10051.58,2.77,14.5,6.6,3.5,3.855
2026-08-17 11:00:00,23.77,10492.0,10087.42,2.77,16.4,3.5,1.6,2.995
2026-08-17 12:00:00,24.5,10693.0,10124.29,2.77,17.8,3.2,0.2,3.725
2026-08-17 13:00:00,30.39,10777.0,10156.17,2.77,19.2,3.5,0.0,9.615
2026-08-17 14:00:00,49.28,10856.0,10185.33,2.77,20.3,3.3,0.0,28.505
2026-08-17 15:00:00,50.67,10903.0,10211.96,2.77,21.1,3.0,0.0,29.895
2026-08-17 16:00:00,31.58,11066.0,10241.88,2.77,21.4,5.1,0.0,10.805
2026-08-17 17:00:00,34.91,11249.0,10275.21,2.77,21.4,5.2,0.0,14.135
2026-08-17 18:00:00,27.74,11369.0,10304.88,2.77,21.9,4.1,0.0,6.965
2026-08-17 19:00:00,57.68,11227.0,10322.92,2.77,21.4,6.4,0.0,36.905
2026-08-17 20:00:00,131.39,11089.0,10336.75,2.77,19.9,6.2,0.0,110.615
2026-08-17 21:00:00,167.04,10827.0,10341.29,2.77,17.9,5.1,0.1,146.265
2026-08-17 22:00:00,82.22,10815.0,10351.25,2.77,17.5,5.1,0.5,61.445
2026-08-17 23:00:00,57.47,10456.0,10349.96,2.77,16.8,5.5,1.2,36.695
2026-08-18 01:00:00,67.27,9779.0,10336.46,2.82,14.8,4.9,3.2,46.12
2026-08-18 02:00:00,24.52,9566.0,10336.38,2.82,14.2,4.6,3.8,3.37
2026-08-18 03:00:00,19.62,9421.0,10336.96,2.82,13.9,4.0,4.1,-1.53
2026-08-18 04:00:00,14.4,9379.0,10339.92,2.82,13.4,3.7,4.6,-6.75
2026-08-18 05:00:00,12.43,9363.0,10344.17,2.82,12.4,4.2,5.6,-8.72
2026-08-18 06:00:00,20.44,9483.0,10352.08,2.82,10.6,4.7,7.4,-0.71
2026-08-18 07:00:00,26.02,9741.0,10366.62,2.82,10.4,7.7,7.6,4.87
2026-08-18 08:00:00,24.77,10035.0,10384.33,2.82,11.7,8.7,6.3,3.62
2026-08-18 09:00:00,17.1,10305.0,10398.25,2.82,14.6,9.7,3.4,-4.05
2026-08-18 10:00:00,17.22,10503.0,10408.33,2.82,18.0,6.1,0.0,-3.93
2026-08-18 11:00:00,20.72,10700.0,10420.58,2.82,20.8,4.4,0.0,-0.43
2026-08-18 12:00:00,19.61,10885.0,10436.96,2.82,24.1,7.8,0.0,-1.54
2026-08-18 13:00:00,13.1,10979.0,10448.88,2.82,24.9,12.5,0.0,-8.05
2026-08-18 14:00:00,23.93,11018.0,10458.92,2.82,24.9,10.8,0.0,2.78
2026-08-18 15:00:00,19.21,11176.0,10472.25,2.82,25.1,8.0,0.0,-1.94
2026-08-18 16:00:00,48.05,11315.0,10489.42,2.82,26.0,8.1,0.0,26.9
2026-08-18 17:00:00,29.66,11295.0,10498.96,2.82,25.1,12.1,0.0,8.51
2026-08-18 18:00:00,67.32,11332.0,10502.42,2.82,23.7,11.7,0.0,46.17
2026-08-18 19:00:00,63.65,11123.0,10492.17,2.82,24.0,5.1,0.0,42.5
2026-08-18 20:00:00,201.44,10965.0,10481.25,2.82,22.0,6.0,0.0,180.29
2026-08-18 21:00:00,156.7,10766.0,10467.79,2.82,19.7,5.4,0.0,135.55
2026-08-18 22:00:00,143.06,10683.0,10461.79,2.82,18.7,6.3,0.0,121.91
2026-08-18 23:00:00,74.71,10326.0,10441.42,2.82,17.6,3.9,0.4,53.56
2026-08-19 01:00:00,59.73,9737.0,10411.46,2.82,15.7,5.2,2.3,38.58
2026-08-19 02:00:00,62.24,9574.0,10402.92,2.82,14.5,7.9,3.5,41.09
2026-08-19 03:00:00,51.25,9426.0,10397.08,2.82,14.5,10.1,3.5,30.1
2026-08-19 04:00:00,38.04,9333.0,10393.42,2.82,15.7,11.4,2.3,16.89
2026-08-19 05:00:00,51.46,9401.0,10394.33,2.82,15.3,11.8,2.7,30.31
2026-08-19 06:00:00,42.03,9467.0,10398.67,2.82,13.6,7.9,4.4,20.88
2026-08-19 07:00:00,52.62,9661.0,10406.08,2.82,13.2,7.2,4.8,31.47
2026-08-19 08:00:00,47.23,10032.0,10418.21,2.82,14.0,8.2,4.0,26.08
2026-08-19 09:00:00,52.0,10317.0,10429.96,2.82,15.9,7.4,2.1,30.85
2026-08-19 10:00:00,31.44,10555.0,10440.38,2.82,18.9,3.8,0.0,10.29
2026-08-19 11:00:00,31.4,10780.0,10451.92,2.82,20.8,3.2,0.0,10.25
2026-08-19 12:00:00,28.21,10939.0,10461.88,2.82,22.3,4.3,0.0,7.06
2026-08-19 13:00:00,27.72,11049.0,10468.71,2.82,23.3,4.7,0.0,6.57
2026-08-19 14:00:00,28.91,11214.0,10478.5,2.82,23.9,3.6,0.0,7.76
2026-08-19 15:00:00,28.91,11339.0,10491.88,2.82,24.2,5.1,0.0,7.76
2026-08-19 16:00:00,46.07,11425.0,10502.25,2.82,24.7,5.0,0.0,24.92
2026-08-19 17:00:00,57.31,11538.0,10511.54,2.82,24.6,6.4,0.0,36.16
2026-08-19 18:00:00,28.97,11616.0,10524.92,2.82,24.9,9.2,0.0,7.82
2026-08-19 19:00:00,46.21,11466.0,10530.5,2.82,24.1,8.6,0.0,25.06
2026-08-19 20:00:00,209.58,11255.0,10536.0,2.82,22.8,6.1,0.0,188.43
2026-08-19 21:00:00,144.13,11000.0,10537.46,2.82,21.2,6.5,0.0,122.98
2026-08-19 22:00:00,250.59,10820.0,10539.71,2.82,20.0,9.3,0.0,229.44
2026-08-19 23:00:00,106.74,10458.0,10530.33,2.82,18.9,6.8,0.0,85.59
2026-08-20 01:00:00,25.29,9849.0,10510.46,2.82,16.8,3.0,1.2,4.14
2026-08-20 02:00:00,25.85,9714.0,10509.5,2.82,16.2,4.0,1.8,4.7
2026-08-20 03:00:00,26.48,9558.0,10508.83,2.82,15.3,5.8,2.7,5.33
2026-08-20 04:00:00,31.33,9491.0,10511.54,2.82,14.5,5.1,3.5,10.18
2026-08-20 05:00:00,38.93,9546.0,10520.42,2.82,14.0,4.8,4.0,17.78
2026-08-20 06:00:00,40.01,9636.0,10530.21,2.82,13.0,3.6,5.0,18.86
2026-08-20 07:00:00,86.46,9854.0,10546.33,2.82,13.4,4.5,4.6,65.31
2026-08-20 08:00:00,73.56,10123.0,10565.58,2.82,14.4,5.6,3.6,52.41
2026-08-20 09:00:00,35.1,10373.0,10579.79,2.82,15.8,4.2,2.2,13.95
2026-08-20 10:00:00,27.49,10613.0,10592.12,2.82,17.8,7.3,0.2,6.34
2026-08-20 11:00:00,26.03,10784.0,10601.67,2.82,19.3,9.7,0.0,4.88
2026-08-20 12:00:00,27.35,10947.0,10608.62,2.82,21.3,10.7,0.0,6.2
2026-08-20 13:00:00,26.26,11035.0,10612.62,2.82,22.7,11.4,0.0,5.11
2026-08-20 14:00:00,54.62,11189.0,10618.46,2.82,23.3,11.1,0.0,33.47
2026-08-20 15:00:00,72.19,11358.0,10624.46,2.82,23.6,7.5,0.0,51.04
2026-08-20 16:00:00,75.4,11429.0,10628.21,2.82,23.7,7.1,0.0,54.25
2026-08-20 17:00:00,75.9,11456.0,10629.5,2.82,21.7,9.8,0.0,54.75
2026-08-20 18:00:00,77.43,11331.0,10620.88,2.82,23.4,3.8,0.0,56.28
2026-08-20 19:00:00,133.05,11143.0,10601.17,2.82,23.4,3.0,0.0,111.9
2026-08-20 20:00:00,25.18,11167.0,10588.71,2.82,22.2,4.0,0.0,4.03
2026-08-20 21:00:00,21.57,11144.0,10584.08,2.82,20.2,4.1,0.0,0.42
2026-08-20 22:00:00,24.76,11060.0,10586.58,2.82,19.3,6.6,0.0,3.61
2026-08-20 23:00:00,24.7,10721.0,10582.46,2.82,17.9,10.2,0.1,3.55
2026-08-21 01:00:00,43.38,10008.0,10563.71,2.82,14.2,5.8,3.8,22.23
2026-08-21 02:00:00,110.1,9762.0,10560.08,2.82,13.4,6.1,4.6,88.95
2026-08-21 03:00:00,110.47,9579.0,10554.46,2.82,12.5,9.1,5.5,89.32
2026-08-21 04:00:00,77.76,9527.0,10553.17,2.82,11.9,6.9,6.1,56.61
2026-08-21 05:00:00,60.91,9586.0,10557.12,2.82,11.7,6.6,6.3,39.76
2026-08-21 06:00:00,51.16,9693.0,10563.25,2.82,11.4,8.2,6.6,30.01
2026-08-21 07:00:00,39.97,9908.0,10574.58,2.82,11.1,7.1,6.9,18.82
2026-08-21 08:00:00,39.97,10198.0,10588.92,2.82,12.5,6.7,5.5,18.82
2026-08-21 09:00:00,38.36,10424.0,10601.46,2.82,13.7,4.9,4.3,17.21
2026-08-21 10:00:00,30.08,10618.0,10611.67,2.82,16.3,3.9,1.7,8.93
2026-08-21 11:00:00,30.08,10818.0,10620.21,2.82,18.3,2.8,0.0,8.93
2026-08-21 12:00:00,49.7,10979.0,10628.33,2.82,19.9,5.4,0.0,28.55
2026-08-21 13:00:00,67.46,11095.0,10634.5,2.82,22.1,10.6,0.0,46.31
2026-08-21 14:00:00,92.9,11190.0,10640.96,2.82,23.2,14.4,0.0,71.75
2026-08-21 15:00:00,102.41,11282.0,10644.83,2.82,25.0,15.1,0.0,81.26
2026-08-21 16:00:00,69.66,11432.0,10647.92,2.82,25.7,15.5,0.0,48.51
2026-08-21 17:00:00,76.29,11553.0,10653.08,2.82,26.0,16.3,0.0,55.14
